Repository,# Paragraphs,CF – Contribution flow,CT – Choose a task,TC – Talk to the community,BW – Build local workspace,DC – Deal with the code,SC – Submit the changes,No categories identified.,# Categories Identified
DestinyItemManager/DIM,47,4,0,0,14,7,8,15,4
DevExpress/devextreme-reactive,10,2,0,0,0,0,4,5,2
DevExpress/testcafe,60,7,3,2,2,0,26,21,5
DhavalKapil/heap-exploitation,6,0,0,0,0,1,1,5,2
DistrictDataLabs/yellowbrick,120,10,1,0,12,20,30,48,5
DivanteLtd/vue-storefront,36,2,0,0,3,3,12,17,4
Dogfalo/materialize,107,3,1,5,5,8,29,57,6
DonJayamanne/pythonVSCode,122,3,0,0,21,19,34,46,4
DotNetAnalyzers/StyleCopAnalyzers,12,2,0,0,3,0,3,5,3
Dotnet-Boxed/Templates,12,2,0,0,0,2,2,7,3
DynamoDS/Dynamo,46,1,0,1,0,3,21,21,4
DynamoRIO/drmemory,29,0,0,0,0,1,3,26,2
DynamoRIO/dynamorio,37,0,0,0,1,4,2,31,3
EOSIO/eos,73,7,1,11,0,1,13,41,5
EOSIO/eosjs,84,7,1,11,4,1,20,41,6
EasyCorp/EasyAdminBundle,20,4,0,0,0,0,3,14,2
EasyEngine/easyengine,12,1,0,3,0,0,2,7,3
ElemeFE/v-charts,16,0,0,0,3,6,5,3,3
Elgg/Elgg,5,0,0,0,0,0,2,4,1
Eloston/ungoogled-chromium,31,2,1,0,0,1,14,14,4
Eonasdan/bootstrap-datetimepicker,16,0,0,0,2,0,9,6,2
EricssonResearch/openwebrtc,15,1,0,0,0,3,2,10,3
ExactTarget/fuelux,100,7,0,0,18,3,46,27,4
ExtendRealityLtd/VRTK,151,4,2,0,0,44,54,48,4
EyalAr/lwip,26,6,0,0,0,1,7,13,3
FLIF-hub/FLIF,11,1,0,0,0,1,3,7,3
FakeItEasy/FakeItEasy,76,13,0,0,2,10,26,26,4
Famous/famous,29,7,0,0,1,1,9,12,4
FascinatedBox/lily,11,2,0,0,1,1,4,4,4
FastReports/FastReport,47,1,0,0,0,28,5,14,3
FeatureLabs/featuretools,35,4,1,0,3,2,10,16,5
File-New-Project/EarTrumpet,17,3,0,0,0,2,8,5,3
FirebaseExtended/bolt,6,0,0,0,0,0,4,3,1
FirebaseExtended/reactfire,41,5,0,1,7,5,5,19,5
FlaUI/FlaUI,8,1,0,0,1,0,3,4,3
Flaque/quirk,11,0,0,1,1,0,0,10,2
FluentValidation/FluentValidation,40,2,0,0,12,5,5,17,4
FoalTS/foal,74,2,2,0,8,6,21,36,5
Fody/Costura,31,0,0,0,0,3,2,27,2
FontCustom/fontcustom,27,1,0,1,2,2,4,18,5
FormidableLabs/radium,92,0,0,14,5,19,19,36,4
FormidableLabs/spectacle,97,1,0,14,16,10,13,44,5
FormidableLabs/urql,71,1,0,0,18,13,24,16,4
FortAwesome/Font-Awesome,14,1,0,0,1,0,5,8,3
FortAwesome/angular-fontawesome,28,1,0,1,0,3,2,22,4
Foundry376/Mailspring,49,3,0,1,20,4,6,16,5
FrDH/dotdotdot-js,14,0,0,0,0,0,0,15,0
FredrikNoren/ungit,58,2,0,0,10,3,18,26,4
FreeRADIUS/freeradius-server,32,1,0,0,0,5,8,19,3
FreshRSS/FreshRSS,30,5,1,1,1,1,3,19,6
FriendsOfSymfony/FOSJsRoutingBundle,32,1,0,0,7,4,11,10,4
Froxlor/Froxlor,18,1,0,1,0,2,5,10,4
FullHuman/purgecss,21,2,0,0,6,1,9,4,4
Gallopsled/pwntools,16,2,0,0,0,1,6,8,3
GameFoundry/bsf,25,2,0,0,0,1,5,18,3
GameServerManagers/LinuxGSM,135,1,1,1,1,11,30,91,6
GarageGames/Torque3D,20,0,0,0,0,1,9,11,2
GeneaLabs/laravel-model-caching,26,0,1,1,0,8,10,7,4
GhostWriters/DockSTARTer,55,2,0,0,2,23,8,21,4
GitTools/GitVersion,54,1,0,0,2,6,18,28,4
Glimpse/Glimpse,43,5,1,0,0,3,5,30,4
GoldenCheetah/GoldenCheetah,24,4,2,1,0,0,3,15,4
GoogleChrome/chrome-app-samples,7,0,0,0,0,0,4,4,1
GoogleChrome/lighthouse,80,5,1,0,3,11,27,34,5
GoogleChrome/rendertron,41,1,0,0,4,4,21,12,4
GoogleChrome/workbox,13,6,0,0,0,0,4,4,2
GoogleChromeLabs/carlo,8,0,0,2,0,0,5,2,2
GoogleChromeLabs/ndb,77,1,0,0,4,12,45,16,4
GoogleChromeLabs/proxx,6,0,0,0,0,0,5,2,1
GoogleChromeLabs/squoosh,6,0,0,0,0,0,5,2,1
GoogleCloudPlatform/continuous-deployment-on-kubernetes,14,6,0,0,0,1,4,4,3
GoogleCloudPlatform/microservices-demo,10,0,0,2,0,1,5,3,3
GoogleCloudPlatform/python-docs-samples,20,7,0,0,2,0,5,7,3
GoogleContainerTools/jib,56,1,0,0,24,2,17,13,4
GrafiteInc/Builder,39,3,0,0,0,14,7,16,3
GrahamCampbell/Laravel-Markdown,16,0,0,0,1,2,10,4,3
Graylog2/graylog2-server,3,1,0,1,0,0,0,2,2
HDInnovations/UNIT3D-Community-Edition,57,2,0,0,1,8,14,33,4
HTBox/allReady,18,1,0,0,0,0,1,17,2
Hackplayers/evil-winrm,9,2,0,1,0,1,4,2,4
Haivision/srt,23,1,0,0,0,5,6,12,3
HangfireIO/Hangfire,16,0,0,0,0,3,2,12,2
Harvey-OS/harvey,64,4,0,2,2,5,32,20,5
HearthSim/Hearthstone-Deck-Tracker,45,4,0,2,4,9,13,14,5
Homebrew/brew,9,0,0,0,2,0,2,6,2
Homebrew/homebrew-bundle,17,3,0,0,0,2,6,7,3
Homebrew/homebrew-cask-fonts,57,1,0,0,6,10,8,33,4
Homebrew/homebrew-cask-versions,14,0,0,0,1,1,3,10,3
Homebrew/homebrew-cask,31,4,0,0,3,6,12,7,4
Homebrew/homebrew-core,28,0,0,0,3,2,13,11,3
Homebrew/linuxbrew-core,31,1,0,0,3,2,13,13,4
Hopding/pdf-lib,87,0,0,0,21,20,21,26,3
HospitalRun/hospitalrun-frontend,48,7,0,0,11,11,9,11,4
Humanizr/Humanizer,25,1,0,0,0,7,9,9,3
IBM/kui,42,1,0,0,0,3,21,18,3
Icinga/icinga2,193,6,1,0,11,17,98,61,5
IdentityManager/IdentityManager,32,1,0,0,0,0,11,21,2
IdentityServer/IdentityServer3,45,1,0,1,0,1,13,30,4
IdentityServer/IdentityServer4,20,2,0,0,0,0,6,13,2
ImageMagick/ImageMagick,13,3,0,0,0,1,4,6,3
Indatus/dispatcher,9,0,0,0,0,0,4,6,1
IntelRealSense/librealsense,48,7,2,0,4,4,23,9,5
InvoicePlane/InvoicePlane,56,4,0,2,4,11,14,22,5
Ismaestro/angular9-example-app,19,1,0,7,1,0,2,9,4
JMPerez/spotify-web-api-js,13,1,0,0,2,1,5,5,4
JabbR/JabbR,11,0,0,0,0,2,5,5,2
Jackett/Jackett,123,9,0,0,13,31,16,55,4
JakeWharton/ActionBarSherlock,2,1,0,0,0,1,0,1,2
James-Yu/LaTeX-Workshop,26,0,0,0,9,4,6,8,3
JamesNK/Newtonsoft.Json,32,2,0,0,0,2,9,20,3
JamieMason/ImageOptim-CLI,18,2,0,0,9,1,1,6,4
JanusGraph/janusgraph,70,8,0,0,10,4,43,6,4
JasonStein/Notepads,27,3,0,1,5,2,4,13,5
Jasonette/JASONETTE-iOS,55,3,1,1,5,14,8,24,6
JasperFx/marten,40,1,1,0,5,3,12,19,5
JedWatson/classnames,7,0,0,0,1,1,3,3,3
JedWatson/react-select,12,3,0,0,1,1,5,3,4
Jessecar96/SteamBot,25,2,0,0,1,5,10,8,4
JetBrains/resharper-unity,16,1,0,1,5,1,3,6,5
Jigsaw-Code/outline-client,6,0,0,0,0,0,5,2,1
Jigsaw-Code/outline-server,6,0,0,0,0,0,5,2,1
JimBobSquarePants/ImageProcessor,15,1,0,1,0,2,4,8,4
JosefPihrt/Roslynator,19,2,0,0,0,2,2,14,3
JuanitoFatas/fast-ruby,17,0,0,0,2,0,2,14,2
JustArchiNET/ArchiSteamFarm,43,1,0,0,1,6,9,27,4
KaTeX/KaTeX,56,2,0,0,5,22,23,5,4
Karumi/Dexter,18,1,0,2,0,3,4,9,4
KevinOConnor/klipper,10,0,0,0,0,0,5,6,1
Kinto/kinto,7,0,0,0,0,0,5,3,1
Kitware/VTK,21,1,0,0,3,1,7,10,4
Klocman/Bulk-Crap-Uninstaller,22,2,0,0,0,4,3,14,3
KnpLabs/snappy,38,2,1,1,1,2,9,23,6
Kononnable/typeorm-model-generator,26,2,0,0,0,0,16,9,2
LUX-Core/lux,80,10,0,1,0,8,40,22,4
LWJGL/lwjgl3,18,1,1,1,0,0,3,13,4
Laravelium/laravel-sitemap,9,0,0,0,0,1,3,6,2
LeaVerou/awesomplete,23,0,0,0,4,2,12,6,3
Leaflet/Leaflet,74,3,0,0,12,3,18,39,4
LeelaChessZero/lc0,41,0,0,0,0,24,7,11,2
Linuxbrew/brew,11,1,0,0,1,0,3,7,3
LiskHQ/lisk-sdk,97,2,0,4,0,6,27,59,4
Live-Charts/Live-Charts,15,0,0,0,0,3,3,10,2
LycheeOrg/Lychee-v3,20,0,0,0,0,4,3,14,2
MISP/MISP,35,3,0,0,2,3,11,17,4
MPOS/php-mpos,27,6,0,0,0,0,15,7,2
MahApps/MahApps.Metro,47,2,0,0,6,3,10,27,4
ManageIQ/manageiq,7,0,0,0,0,1,2,5,2
Marak/faker.js,10,0,0,0,0,2,4,5,2
MariaDB/server,28,1,0,3,0,0,1,24,3
MarimerLLC/csla,27,5,0,0,1,3,13,6,4
MaterialDesignInXAML/MaterialDesignInXamlToolkit,14,0,0,0,0,8,3,4,2
MathewSachin/Captura,25,1,0,2,0,1,5,17,4
Maximus5/ConEmu,92,2,0,0,12,7,17,55,4
Medicean/VulApps,62,1,0,0,0,1,13,48,3
Meituan-Dianping/Logan,35,1,0,0,0,2,16,17,3
MichMich/MagicMirror,23,0,0,0,3,7,0,14,2
MichaIng/DietPi,13,3,0,1,0,1,4,5,4
MichaelGrafnetter/DSInternals,49,0,0,0,7,7,12,24,3
MicrosoftDocs/live-share,66,1,0,2,8,0,10,46,4
MithrilJS/mithril.js,58,6,0,0,3,13,23,14,4
MoOx/postcss-cssnext,18,0,0,0,2,2,5,10,3
MobSF/Mobile-Security-Framework-MobSF,39,2,0,0,3,1,7,27,4
MobileChromeApps/mobile-chrome-apps,11,1,1,0,0,0,6,4,3
Morgan-Stanley/hobbes,46,4,0,15,0,1,14,13,4
MostlyAdequate/mostly-adequate-guide,19,1,0,0,0,0,3,16,2
Motion-Project/motion,22,2,0,2,1,1,4,13,5
MovingBlocks/Terasology,53,4,1,0,0,2,28,19,4
MrKepzie/Natron,27,5,0,1,0,2,8,12,4
MvvmCross/MvvmCross,10,3,2,0,3,0,1,2,4
MycroftAI/mycroft-core,40,8,0,0,2,2,19,10,4
NARKOZ/gitlab,56,3,0,0,4,5,15,30,4
NG-ZORRO/ng-zorro-antd,117,2,0,0,2,5,67,42,4
NLog/NLog,39,1,0,0,2,6,10,21,4
NRules/NRules,35,2,0,0,1,11,9,13,4
NVIDIA/DALI,40,0,0,0,0,6,23,12,2
NVIDIA/TensorRT,64,4,0,0,2,10,34,15,4
NVIDIA/triton-inference-server,13,0,0,0,0,2,9,3,2
NVIDIAGameWorks/kaolin,29,0,0,0,0,2,18,10,2
NancyFx/Nancy,44,8,0,0,3,12,16,6,4
NationalSecurityAgency/SIMP,14,0,0,0,1,0,8,6,2
NationalSecurityAgency/ghidra,40,5,1,0,1,0,16,18,4
NativeScript/NativeScript,154,6,1,0,5,5,80,58,5
NativeScript/nativescript-angular,85,6,1,0,5,5,40,29,5
NatronGitHub/Natron,40,5,0,12,0,2,9,13,4
NervJS/taro-ui,31,2,0,0,8,3,6,13,4
NervJS/taro,22,0,0,0,3,3,6,11,3
NetTopologySuite/NetTopologySuite,30,1,0,0,0,5,7,18,3
Netflix-Skunkworks/Scumblr,14,6,0,0,0,0,5,4,2
Netflix/Hystrix,21,1,0,0,0,2,10,9,3
Netflix/conductor,29,5,0,0,0,1,13,11,3
Netflix/dynomite,16,5,0,0,0,0,4,8,2
Netflix/fast_jsonapi,12,5,0,0,0,0,5,3,2
Netflix/pollyjs,34,3,0,0,10,1,14,7,4
Netflix/security_monkey,21,0,0,0,5,3,7,7,3
NewEraCracker/LOIC,4,1,1,0,0,0,1,2,3
Nickersoft/push.js,14,2,0,0,2,1,7,3,4
NicolasHug/Surprise,23,1,0,0,5,2,8,8,4
NodeBB/NodeBB,28,0,0,0,2,1,9,17,3
NodeOS/NodeOS,12,0,0,1,1,0,0,11,2
NodeRedis/node-redis,45,2,2,4,0,2,12,24,5
Nozbe/WatermelonDB,48,0,0,0,14,9,11,15,3
NuGet/NuGetGallery,38,10,1,0,0,11,7,10,4
NullArray/AutoSploit,19,5,0,0,2,0,9,4,3
OISF/suricata,17,1,0,0,0,0,6,11,2
OSGeo/gdal,31,2,0,0,5,1,17,7,4
OWASP/CheatSheetSeries,68,5,0,0,3,19,8,34,4
OWASP/owasp-mstg,43,4,0,0,5,5,18,12,4
OWASP/wstg,53,10,0,0,3,3,11,27,4
Ocramius/ProxyManager,15,1,0,0,3,3,6,3,4
OctoPrint/OctoPrint,180,8,0,1,6,6,46,114,5
OfficeDev/Open-XML-SDK,9,0,0,1,4,0,1,4,3
OfficeDev/TrainingContent,120,17,1,0,8,4,54,37,5
OmniSharp/omnisharp-roslyn,6,2,0,0,0,0,2,3,2
Open-Web-Analytics/Open-Web-Analytics,10,0,0,0,0,2,5,4,2
OpenAPITools/openapi-generator,83,1,0,0,2,9,29,43,4
OpenCover/opencover,13,0,0,0,0,1,6,7,2
OpenFeign/feign,35,1,0,0,1,5,18,11,4
OpenGenus/cosmos,7,3,0,1,0,1,0,3,3
OpenLiveWriter/OpenLiveWriter,23,4,0,0,2,0,3,15,3
OpenMW/openmw,65,6,0,0,2,3,18,37,4
OpenMined/PySyft,80,7,2,1,6,9,26,30,6
OpenNMT/OpenNMT-py,35,1,0,0,0,15,7,13,3
OpenRA/OpenRA,18,0,0,0,0,1,9,9,2
OpenRefine/OpenRefine,36,3,3,2,1,0,10,18,5
OpenTSDB/opentsdb,37,3,0,0,0,12,14,9,3
OpenTTD/OpenTTD,111,7,0,2,5,1,28,69,5
OpenZeppelin/openzeppelin-contracts,26,2,1,0,3,1,14,6,5
OptiKey/OptiKey,5,0,0,1,0,0,1,4,2
OrchardCMS/OrchardCore,22,2,1,0,0,1,6,13,4
OtterBrowser/otter-browser,34,5,0,0,1,11,4,14,4
OwlCarousel2/OwlCarousel2,37,0,0,0,5,0,12,21,2
PHPCompatibility/PHPCompatibility,71,2,0,0,1,20,24,25,4
PHPOffice/PHPWord,19,2,0,0,1,3,9,5,4
PHPOffice/PhpSpreadsheet,8,1,0,0,0,1,4,3,3
PX4/Firmware,20,6,0,0,2,0,9,4,3
PaddlePaddle/Paddle,61,10,0,0,5,12,25,10,4
Palakis/obs-ndi,14,0,0,0,0,1,10,4,2
Palakis/obs-websocket,39,0,0,0,2,9,15,14,3
PaperMC/Paper,202,8,0,3,15,36,83,58,5
ParabolInc/parabol,29,4,2,1,0,0,4,19,4
Parallels/vagrant-parallels,27,1,0,0,8,3,14,2,4
Pathoschild/SMAPI,3,1,0,0,0,1,0,2,2
PatrickJS/starter,5,1,0,0,0,0,2,3,2
PhilJay/MPAndroidChart,28,3,0,0,0,3,10,13,3
PiranhaCMS/piranha.core,16,4,0,0,1,0,7,5,3
Piwigo/Piwigo,34,1,0,0,7,1,18,8,4
PocketMine/PocketMine-MP,86,2,1,2,0,16,11,55,5
PointCloudLibrary/pcl,70,3,0,1,0,3,16,48,4
Polymer/lit-element,74,4,1,4,5,6,27,28,6
Polymer/lit-html,43,1,3,0,0,15,13,12,4
PowerDNS/pdns,44,1,0,0,0,5,13,26,3
PowerShell/PSReadLine,51,7,1,0,10,2,14,18,5
PowerShell/PowerShell,151,10,4,0,16,7,60,55,5
PrestaShop/PrestaShop,25,9,0,0,2,1,8,6,4
PrismLibrary/Prism,18,1,0,0,0,8,5,5,3
PrivateBin/PrivateBin,3,0,0,0,0,0,0,4,0
Project-OSRM/osrm-backend,28,2,0,0,0,3,12,12,3
Protoqol/Prequel,20,2,0,0,7,1,8,3,4
Pryaxis/TShock,52,5,0,0,0,10,15,23,3
PyCQA/bandit,104,5,2,0,1,11,33,53,5
PyGithub/PyGithub,43,0,0,0,3,4,21,16,3
PyTorchLightning/pytorch-lightning,93,5,0,0,6,18,26,39,4
Qiskit/qiskit-terra,95,1,0,0,5,14,49,27,4
Qoraiche/laravel-mail-editor,8,0,0,0,0,0,5,4,1
RIOT-OS/RIOT,131,11,0,1,7,8,63,42,5
ROCm-Developer-Tools/HIP,67,0,0,0,3,26,13,26,3
RSS-Bridge/rss-bridge,44,1,0,0,0,28,7,9,3
RaRe-Technologies/gensim,28,3,0,0,4,2,12,8,4
Raathigesh/majestic,23,1,0,0,8,1,9,5,4
Radarr/Radarr,25,2,1,1,1,5,4,12,6
RainLoop/rainloop-webmail,18,3,0,0,5,2,3,6,4
Ramotion/folding-cell-android,12,1,0,0,0,0,4,8,2
Ramotion/paper-onboarding-android,12,1,0,0,0,0,4,8,2
Rapptz/discord.py,29,1,0,0,0,3,8,18,3
RasaHQ/rasa,91,13,0,0,10,9,40,20,4
ReactTraining/history,5,1,0,0,1,0,3,1,3
ReactTraining/react-router,45,6,0,0,12,4,8,16,4
Reactive-Extensions/RxJS,83,1,1,0,0,32,12,38,4
ReactiveX/IxJS,98,1,0,0,2,8,77,11,4
ReactiveX/RxAndroid,19,0,0,0,1,2,9,8,3
ReactiveX/RxJava,21,1,0,0,0,2,10,9,3
ReactiveX/RxPHP,12,0,0,0,0,5,3,5,2
ReactiveX/rxjs,136,1,0,0,5,19,90,22,4
Real-Serious-Games/C-Sharp-Promise,16,1,0,0,0,2,6,8,3
Red5/red5-server,36,9,0,1,1,1,12,13,5
Redocly/redoc,47,3,0,0,10,9,14,12,4
Redth/PushSharp,9,1,0,0,0,1,3,5,3
Respect/Validation,112,1,0,0,2,29,25,56,4
Revolutionary-Games/Thrive,16,1,0,1,0,1,2,12,4
Rich-Harris/ramjet,16,1,0,0,0,5,3,8,3
RichardLitt/awesome-styleguides,11,1,0,0,0,0,3,8,2
RicoSuter/NJsonSchema,4,0,0,0,0,0,3,2,1
RicoSuter/NSwag,4,0,0,0,0,0,3,2,1
RobinBuschmann/sequelize-typescript,10,0,0,0,1,1,5,4,3
Rochester-NRT/RocAlphaGo,20,1,0,0,3,2,5,10,4
RocketChat/Rocket.Chat,15,2,1,0,1,1,4,7,5
RocketMap/RocketMap,63,1,0,0,6,5,7,45,4
Rocketseat/unform,125,4,1,2,11,8,48,52,6
RockstarLang/rockstar,29,3,0,0,0,2,3,22,3
SAP/chevrotain,73,0,1,0,9,10,24,30,4
SSilence/selfoss,8,0,0,0,0,0,3,6,1
STEllAR-GROUP/hpx,54,2,0,2,1,18,6,26,5
SUSE/Portus,32,3,0,0,0,2,13,15,3
SciRuby/daru,24,1,0,0,3,4,11,6,4
SciRuby/sciruby,21,2,1,0,0,4,1,14,4
SeleniumHQ/docker-selenium,3,0,0,0,0,0,1,3,1
Semantic-Org/Semantic-UI-React,202,8,3,0,13,40,59,80,5
Semantic-Org/Semantic-UI,33,0,0,0,0,1,8,25,2
SerenityOS/serenity,33,1,0,2,0,5,10,16,4
SerpentAI/SerpentAI,17,1,0,0,0,2,1,14,3
SheetJS/sheetjs,23,0,0,0,0,1,8,15,2
Shopify/active_shipping,15,2,0,1,0,3,6,4,4
Shopify/bootsnap,14,2,0,1,0,3,6,3,4
Shopify/dashing,5,0,0,0,0,0,0,6,0
Shopify/graphql-batch,15,2,0,0,0,0,5,9,2
Shopify/identity_cache,23,3,0,0,0,0,5,16,2
Shopify/krane,88,3,1,1,6,12,25,41,6
Shopify/liquid,17,2,0,1,0,1,6,8,4
Shopify/polaris-react,66,7,4,0,9,9,19,19,5
Siccity/xNode,27,0,0,2,1,13,5,7,4
SignalR/SignalR,51,1,0,0,0,4,16,31,3
SirVer/ultisnips,45,1,0,0,5,5,13,22,4
SixLabors/ImageSharp,22,1,0,1,3,2,7,9,5
SmingHub/Sming,33,6,0,0,4,0,20,4,3
SolrNet/SolrNet,25,9,0,0,0,1,10,6,3
SonarSource/sonarqube,5,2,0,0,0,0,1,3,2
Sonarr/Sonarr,25,2,1,1,1,5,4,12,6
SortableJS/Vue.Draggable,15,1,0,0,0,0,3,12,2
SpacehuhnTech/esp8266_deauther,37,2,0,0,0,2,3,31,3
SpecFlowOSS/SpecFlow,43,3,1,0,4,1,15,20,5
Stellarium/stellarium,20,2,0,0,0,1,1,17,3
StephenCleary/AsyncEx,5,1,0,0,0,0,0,5,1
StevenBlack/hosts,24,3,0,0,1,0,11,10,3
StreisandEffect/streisand,82,6,0,0,1,2,13,61,4
SublimeText-Markdown/MarkdownEditing,153,0,0,0,2,4,12,136,3
SubnauticaNitrox/Nitrox,29,0,1,0,3,15,6,5,4
Sustainsys/Saml2,25,1,0,0,1,7,11,6,4
Swizec/useAuth,7,0,0,0,0,0,1,7,1
Sylius/Sylius,8,0,0,1,0,1,0,7,2
Syomus/ProceduralToolkit,22,2,0,0,1,0,7,13,3
System-IO-Abstractions/System.IO.Abstractions,7,1,0,0,0,1,2,4,3
TGMPA/TGM-Plugin-Activation,47,4,0,0,0,2,28,14,3
TalAter/annyang,49,3,0,0,4,4,19,20,4
TeamAmaze/AmazeFileManager,21,6,0,0,0,1,8,7,3
TeamNewPipe/NewPipe,32,1,1,2,0,2,9,18,5
TelegramBots/Telegram.Bot,25,0,0,0,0,6,14,6,2
Tencent/MMKV,37,4,0,0,0,3,20,11,3
Tencent/Shadow,16,1,0,0,0,0,2,14,2
Tencent/VasSonic,33,4,0,0,0,3,16,11,3
Tencent/mars,39,4,0,0,0,5,20,11,3
Tencent/matrix,37,4,0,0,0,3,20,11,3
Tencent/plato,19,3,0,0,0,0,7,10,2
Tencent/wcdb,34,4,0,0,0,0,20,11,2
Tencent/wepy,42,3,0,0,6,0,9,25,3
Teradata/covalent,14,0,0,0,0,4,7,4,2
The-Art-of-Hacking/h4cker,25,0,0,14,0,0,2,10,2
TheAlgorithms/C-Plus-Plus,102,3,0,0,2,32,23,43,4
TheAlgorithms/C-Sharp,3,1,0,1,0,0,1,1,3
TheAlgorithms/Python,81,2,0,1,0,32,16,31,4
TheBerkin/rant,45,0,0,0,0,3,9,34,2
TheCherno/Hazel,41,4,0,0,0,12,6,20,3
ThePhD/sol2,16,0,0,0,0,3,4,10,2
ThingPulse/esp8266-oled-ssd1306,36,5,0,0,5,3,15,9,4
ThinkUpLLC/ThinkUp,33,3,0,0,1,1,8,21,4
ThreeMammals/Ocelot,5,0,0,0,0,0,1,5,1
Tonejs/Tone.js,17,0,0,1,0,2,3,12,3
TorchCraft/TorchCraft,34,1,0,0,3,4,15,12,4
TracksApp/tracks,23,4,1,0,4,0,4,11,4
TrinityCore/TrinityCore,29,3,0,1,2,2,9,13,5
TryGhost/Ghost,32,3,1,0,2,2,13,12,5
TypeStrong/atom-typescript,65,7,0,0,12,4,19,24,4
TypeStrong/fork-ts-checker-webpack-plugin,108,4,0,0,6,13,49,37,4
TypedProject/tsed,67,4,1,1,8,0,26,28,5
UniSharp/laravel-filemanager,6,2,0,0,3,0,1,1,3
UnigramDev/Unigram,30,1,0,0,0,0,3,27,2
UnionOfRAD/lithium,12,0,0,0,0,0,2,11,1
Unitech/pm2,26,1,0,0,0,2,7,17,3
Unity-Technologies/AssetGraph,7,0,0,0,0,0,3,5,1
Unity-Technologies/FPSSample,7,0,0,0,0,0,4,4,1
UnityCommunity/UnityLibrary,23,0,0,0,0,5,3,16,2
UnityTech/UIWidgets,14,0,0,0,3,6,3,3,3
VCVRack/Rack,18,1,0,0,0,3,5,10,3
VSCodeVim/Vim,57,2,0,0,7,8,12,29,4
Varying-Vagrant-Vagrants/VVV,20,1,0,0,0,5,6,9,3
VsVim/VsVim,11,1,0,0,0,1,1,9,3
WICG/webusb,9,0,0,0,0,0,4,6,1
WhatsApp/stickers,19,2,0,0,0,2,10,6,3
WhichBrowser/Parser-PHP,40,2,0,0,1,6,18,14,4
WordPress/WordPress-Coding-Standards,67,1,0,1,4,17,21,24,5
YarnSpinnerTool/YarnSpinner,21,4,2,0,1,0,10,5,4
Yelp/dumb-init,18,2,0,0,2,1,6,8,4
Yoast/wordpress-seo,41,5,0,0,0,1,6,30,3
YorickPeterse/oga,70,2,0,1,4,20,12,32,5
ZZROTDesign/docker-clean,15,3,0,1,0,1,4,7,4
ZeBobo5/Vlc.DotNet,13,2,0,0,0,0,5,7,2
ZieIony/Carbon,22,1,0,0,0,1,3,18,3
ZoneMinder/zoneminder,9,2,0,1,1,1,0,5,4
Zulko/moviepy,31,3,0,0,3,3,16,7,4
deepmind/trfl,8,0,0,2,0,0,5,2,2
deezer/spleeter,12,1,0,0,0,1,5,6,3
defold/defold,91,10,0,2,1,6,22,51,5
defunkt/jquery-pjax,15,1,0,0,2,0,9,4,3
deis/deis,38,4,0,3,0,2,20,10,4
deivid-rodriguez/byebug,23,0,0,0,4,2,8,10,3
deivid-rodriguez/pry-byebug,6,0,0,0,0,0,0,7,0
dennisreimann/ioctocat,10,0,0,0,0,2,0,9,1
denoland/deno,27,1,0,2,1,6,8,10,5
denysdovhan/spaceship-prompt,42,3,1,0,3,9,6,21,5
dependabot/dependabot-core,21,4,0,0,6,0,4,8,3
deployphp/deployer,19,3,1,0,0,1,3,12,4
desandro/imagesloaded,13,0,0,0,0,3,1,10,2
desktop/desktop,63,3,0,1,1,1,3,55,5
dev-sec/ansible-os-hardening,45,2,0,1,1,9,13,20,5
devhubapp/devhub,23,1,0,0,13,1,1,8,4
diaspora/diaspora,16,1,1,1,0,1,2,11,5
diasurgical/devilutionX,73,4,0,0,14,20,6,30,4
didi/DoraemonKit,17,0,0,0,0,0,7,11,1
didi/VirtualAPK,17,1,0,0,0,0,6,11,2
didi/cube-ui,17,1,0,0,0,0,6,11,2
didi/rdebug,20,0,0,0,0,1,11,9,2
dieulot/instantclick,24,1,0,0,0,1,3,20,3
discord-net/Discord.Net,24,1,0,0,0,11,6,7,3
discordjs/discord.js,10,2,0,0,3,1,2,3,4
discourse/discourse,16,0,1,0,1,1,2,12,4
django-haystack/django-haystack,45,2,0,0,0,2,12,30,3
django-oscar/django-oscar,7,0,0,0,0,1,0,7,1
dlemstra/Magick.NET,6,0,0,0,0,1,2,4,2
dnnsoftware/Dnn.Platform,47,12,0,0,2,2,20,12,4
docker-archive/docker-registry,61,1,0,0,3,19,12,27,4
docker/compose,31,3,2,0,2,2,13,10,5
docker/docker-bench-security,15,0,0,0,4,4,4,4,3
docker/docker-py,50,1,0,2,3,1,20,24,5
docker/kitematic,78,3,0,0,12,11,17,36,4
doctrine/collections,18,1,0,0,2,3,9,4,4
doctrine/instantiator,14,1,0,0,3,3,6,2,4
doctrine/orm,32,1,0,0,2,10,13,7,4
doczjs/docz,52,6,0,1,12,9,9,16,5
dodyg/practical-aspnetcore,4,0,0,0,0,1,2,2,2
dogecoin/dogecoin,77,10,0,0,0,8,36,24,3
dokku/dokku,75,6,2,1,1,6,30,30,6
dolphin-emu/dolphin,130,3,0,0,2,67,8,51,4
domaindrivendev/Swashbuckle.AspNetCore,10,0,0,0,0,1,2,8,2
domaindrivendev/Swashbuckle,12,0,0,0,2,1,2,8,3
domoticz/domoticz,9,1,0,0,0,1,3,5,3
dompdf/dompdf,25,3,0,0,0,0,3,20,2
donnemartin/awesome-aws,29,1,0,0,0,1,14,14,3
donnemartin/gitsome,28,4,0,0,1,2,13,9,4
donnemartin/interactive-coding-challenges,51,8,0,0,3,7,15,19,4
donnemartin/system-design-primer,44,5,0,0,1,2,13,24,4
doorkeeper-gem/doorkeeper,24,4,0,0,4,3,9,5,4
dotliquid/dotliquid,28,4,0,1,2,3,10,9,5
dotnet-ad/Microcharts,7,1,0,0,0,0,5,2,2
dotnet-architecture/eShopOnContainers,32,5,1,0,0,5,6,16,4
dotnet/AspNetCore.Docs,71,2,0,0,6,10,11,43,4
dotnet/BenchmarkDotNet,2,0,0,0,0,1,0,2,1
dotnet/aspnetcore,36,2,1,0,0,1,10,23,4
dotnet/command-line-api,25,0,0,0,11,2,5,8,3
dotnet/docfx,26,1,0,0,0,0,9,17,2
dotnet/infer,4,0,0,0,0,0,2,3,1
dotnet/machinelearning,16,3,0,1,0,0,5,8,3
dotnet/maui,45,0,1,0,0,3,19,23,3
dotnet/pinvoke,115,1,0,1,7,61,6,40,5
dotnet/roslyn,34,1,0,0,1,13,3,17,4
dotnet/runtime,97,7,1,2,6,8,42,32,6
dotnet/spark,16,3,0,0,0,0,5,9,2
dotnetcore/WTM,63,4,0,0,1,4,36,19,4
doublespeakgames/adarkroom,6,1,0,0,0,1,0,5,2
downshift-js/downshift,25,2,0,0,4,1,13,6,4
drapergem/draper,12,2,0,0,0,0,6,5,2
drewm/mailchimp-api,9,1,0,0,0,0,3,6,2
drhenner/ror_ecommerce,11,3,0,0,0,0,2,7,2
dropwizard/dropwizard,25,2,0,0,0,2,7,15,3
drwetter/testssl.sh,10,0,0,0,0,1,6,4,2
dry-rb/dry-validation,16,0,0,1,0,2,1,13,3
dsherret/ts-morph,28,4,0,0,4,1,3,17,4
dtan4/terraforming,36,0,0,0,2,9,5,21,3
dtao/lazy.js,18,1,0,0,4,2,5,7,4
dubzzz/fast-check,49,4,0,0,4,4,13,25,4
dustin10/VichUploaderBundle,20,1,0,0,0,1,12,7,3
dvorka/mindforger,26,1,0,2,0,7,6,11,4
dwmkerr/hacker-laws,34,0,0,0,0,3,3,29,2
dylanaraps/neofetch,59,0,1,0,1,23,7,28,4
dylanaraps/pure-bash-bible,32,0,0,0,2,9,10,12,3
eamodio/vscode-gitlens,49,6,2,0,16,8,7,11,5
eclipse-theia/theia,34,0,0,1,4,1,12,17,4
eclipse-vertx/vert.x,69,1,0,2,2,0,16,49,4
eclipse/che,62,4,0,0,11,7,12,29,4
eclipse/deeplearning4j,20,1,0,0,1,0,11,8,3
eclipse/jetty.project,25,1,0,1,4,1,4,15,5
eclipse/mosquitto,37,5,0,1,6,0,12,14,4
eclipse/mraa,32,2,0,1,5,6,10,9,5
eclipse/openj9,81,2,0,0,8,2,43,27,4
ecrmnn/collect.js,9,0,0,1,0,3,3,3,3
edavis10/redmine,3,1,0,0,0,0,0,3,1
education/classroom,28,5,0,0,0,1,12,11,3
eggjs/egg,103,0,0,0,1,9,48,46,3
elastic/cookbook-elasticsearch,37,2,0,0,1,11,18,6,4
elastic/curator,27,4,0,3,1,2,4,14,5
elastic/elasticsearch-net,62,1,0,0,8,8,28,18,4
elastic/elasticsearch-php,20,3,0,0,2,1,9,6,4
elastic/elasticsearch-py,20,0,0,0,3,2,5,11,3
elastic/elasticsearch-rails,4,0,0,0,0,0,4,1,1
elastic/elasticsearch-ruby,4,0,0,0,0,0,4,1,1
elastic/eui,28,2,0,1,0,3,11,12,4
elastic/logstash,104,3,1,5,0,3,32,61,5
elbywan/wretch,26,1,0,0,4,1,12,9,4
electerious/Lychee,20,0,0,0,0,4,3,14,2
electron/electron-packager,60,0,0,0,3,5,22,31,3
electron/electron,39,3,0,2,1,2,8,24,5
electron/fiddle,29,0,0,0,4,1,10,15,3
electronicarts/EASTL,30,1,0,0,2,5,12,11,4
elementary/website,63,0,1,1,13,8,11,30,5
elninotech/uppload,35,5,0,1,6,5,3,16,5
elsa-workflows/elsa-core,32,4,0,0,0,2,4,23,3
emberjs/ember.js,142,10,1,1,12,22,42,55,6
emcrisostomo/fswatch,7,1,1,0,0,2,1,3,4
emojicode/emojicode,16,3,0,0,0,1,6,7,3
emotion-js/emotion,19,0,0,0,11,0,4,5,2
encode/django-rest-framework,98,3,1,0,6,17,18,54,5
endless-sky/endless-sky,26,1,0,0,0,1,4,21,3
enkodellc/blazorboilerplate,38,3,0,1,0,2,9,24,4
enquirer/enquirer,59,1,0,0,0,2,5,52,3
envoyproxy/envoy,116,3,0,1,1,11,57,44,5
enzymejs/enzyme,67,1,1,0,9,21,25,11,5
erikhuda/thor,10,0,0,0,0,2,3,6,2
erikras/react-redux-universal-hot-example,29,1,0,0,1,2,21,5,4
errbit/errbit,15,4,0,0,1,1,3,7,4
erxes/erxes,27,1,1,1,0,0,3,22,4
eslint/eslint,14,0,0,0,0,0,1,14,1
esphome/esphome,7,1,0,0,0,0,1,6,2
espnet/espnet,65,2,0,0,1,4,22,37,4
espruino/Espruino,53,0,0,0,1,20,8,25,3
esvit/ng-table,32,4,0,0,5,4,9,11,4
ether/etherpad-lite,99,7,0,1,5,10,33,44,5
ethereum/aleth,4,0,0,0,0,1,3,1,2
ethereum/mist,20,0,0,0,1,2,4,14,3
ethereumbook/ethereumbook,42,8,1,1,0,8,4,21,5
eventflow/EventFlow,9,0,0,0,0,2,2,6,2
evhub/coconut,172,6,1,1,9,24,31,101,6
evrone/quiet_assets,16,0,0,0,0,0,6,11,1
example42/psick,21,2,0,0,0,6,6,8,3
excalidraw/excalidraw,14,3,0,0,4,1,4,3,4
exceptionless/Exceptionless,29,1,0,0,0,5,8,16,3
excon/excon,17,4,0,0,0,0,2,12,2
explosion/spaCy,104,5,0,1,7,35,19,38,5
expo/expo-cli,41,5,0,0,7,5,12,13,4
express-validator/express-validator,13,1,0,0,0,0,5,8,2
expressjs/express,38,1,0,1,0,0,6,31,3
eykrehbein/strest,13,0,0,0,1,1,4,8,3
fabricjs/fabric.js,33,1,0,0,3,1,9,20,4
facade/ignition,26,4,0,1,0,1,6,15,4
facebook/PathPicker,28,1,0,0,2,2,11,13,4
facebook/Surround360,21,2,0,0,0,1,9,10,3
facebook/buck,80,2,0,0,6,22,26,25,4
facebook/chisel,17,2,0,0,0,0,10,6,2
facebook/create-react-app,80,2,0,0,21,10,16,32,4
facebook/docusaurus,129,13,2,3,12,8,43,49,6
facebook/draft-js,45,2,1,1,0,4,17,21,5
facebook/facebook-android-sdk,6,0,0,0,0,0,2,5,1
facebook/fb-adb,17,2,0,0,0,0,10,6,2
facebook/fbthrift,21,2,0,0,0,2,11,7,3
facebook/fishhook,17,2,0,0,0,0,10,6,2
facebook/flipper,26,2,0,0,2,2,14,7,4
facebook/flux,34,2,0,0,0,9,10,14,3
facebook/folly,18,1,0,0,0,0,10,8,2
facebook/fresco,39,5,0,0,2,5,16,12,4
facebook/hermes,32,1,0,1,0,4,15,12,4
facebook/hhvm,14,2,1,0,0,0,6,6,3
facebook/jest,102,9,0,2,20,17,31,24,5
facebook/litho,40,2,0,0,7,4,14,14,4
facebook/mcrouter,17,2,0,0,0,0,10,6,2
facebook/prophet,55,1,0,0,0,5,13,37,3
facebook/proxygen,27,2,0,0,1,5,11,9,4
facebook/react-native,64,8,1,1,1,5,15,34,6
facebook/redex,25,1,0,0,0,5,11,9,3
facebook/rocksdb,6,0,0,0,0,0,4,3,1
facebook/shimmer-android,26,2,0,0,3,4,11,7,4
facebook/stetho,26,2,0,0,0,7,10,8,3
facebook/wangle,23,2,0,0,0,4,11,7,3
facebook/wdt,21,2,0,0,1,1,11,7,4
facebook/xcbuild,43,2,0,1,4,8,12,17,5
facebook/yoga,19,2,0,1,0,0,10,7,3
facebook/zstd,167,18,0,1,12,27,55,55,5
facebookarchive/Flicks,25,2,0,0,0,4,10,10,3
facebookarchive/Keyframes,24,2,0,0,0,7,8,8,3
facebookarchive/augmented-traffic-control,23,1,0,0,0,4,11,8,3
facebookarchive/beringei,23,1,0,0,0,4,11,8,3
facebookarchive/conceal,19,2,0,0,0,0,10,8,2
facebookarchive/device-year-class,26,2,0,0,0,7,10,8,3
facebookarchive/huxley,6,0,0,0,0,0,6,1,1
facebookarchive/network-connection-class,26,2,0,0,0,7,10,8,3
facebookexperimental/Recoil,23,2,0,1,0,1,12,8,4
facebookincubator/LogDevice,35,1,1,0,5,3,17,9,5
facebookincubator/katran,19,2,0,0,0,2,10,6,3
facebookincubator/redux-react-hook,21,2,0,0,1,2,10,7,4
facebookincubator/spectrum,21,1,0,0,0,2,11,8,3
facebookresearch/Detectron,23,2,0,0,0,4,11,7,3
facebookresearch/DrQA,16,1,0,0,0,2,9,5,3
facebookresearch/ELF,24,3,0,0,0,3,12,7,3
facebookresearch/LASER,22,2,0,0,0,4,11,6,3
facebookresearch/ParlAI,20,0,0,0,0,3,11,7,2
facebookresearch/SlowFast,26,2,0,0,2,4,9,10,4
facebookresearch/SparseConvNet,16,1,0,0,0,2,8,6,3
facebookresearch/StarSpace,16,2,0,0,0,0,10,5,2
facebookresearch/TensorComprehensions,31,2,0,0,1,9,12,8,4
facebookresearch/darkforestGo,24,3,0,0,0,3,12,7,3
facebookresearch/detectron2,22,1,0,0,0,0,13,9,2
facebookresearch/detr,23,2,0,0,0,3,12,7,3
facebookresearch/faiss,24,3,0,0,0,4,12,6,3
facebookresearch/hiplot,17,2,0,0,0,0,10,6,2
facebookresearch/maskrcnn-benchmark,23,2,0,0,0,3,12,7,3
facebookresearch/pifuhd,17,2,0,0,0,0,10,6,2
facebookresearch/pytext,22,2,0,0,0,1,12,8,3
facebookresearch/visdom,52,3,0,0,11,7,13,19,4
facebookresearch/wav2letter,16,1,0,0,0,1,10,5,3
fahad19/proppy,32,3,0,3,2,1,9,15,5
fail2ban/fail2ban,11,1,0,1,0,0,5,5,3
faker-ruby/faker,78,5,0,0,1,20,17,36,4
falconry/falcon,105,4,0,5,2,14,48,33,5
falcosecurity/falco,76,1,2,0,0,3,22,49,4
fastify/fastify,58,7,0,1,3,0,12,36,4
fastio/1store,5,1,0,0,0,0,0,5,1
fastlane/ci,23,3,0,0,1,0,4,16,3
fastlane/fastlane,35,3,0,0,1,0,8,24,3
fbsamples/f8app,30,4,2,0,0,3,10,12,4
fdorg/flashdevelop,47,0,0,0,0,24,2,22,2
feathericons/feather,39,2,0,0,3,5,4,26,4
feathersjs/feathers,32,0,0,3,1,2,7,20,4
fengyuanchen/viewerjs,105,2,0,0,2,5,58,39,4
fgnass/spin.js,6,0,0,0,2,0,1,4,2
fgrehm/vagrant-lxc,5,0,0,0,0,0,0,6,0
filamentgroup/loadCSS,8,0,0,0,0,3,2,4,2
filp/whoops,8,1,0,0,0,2,3,3,3
final-form/react-final-form,23,2,0,0,3,3,8,8,4
firebase/FirebaseUI-Android,10,0,0,0,0,1,5,5,2
firebase/firebase-admin-node,95,3,0,1,10,9,34,39,5
firebase/firebase-js-sdk,80,2,0,3,4,9,28,35,5
firebase/firebase-tools,11,1,0,0,3,0,6,2,3
firebase/functions-samples,81,4,0,2,2,9,27,38,5
firebase/geofire-js,35,6,0,1,3,2,4,20,5
firebase/quickstart-android,65,4,0,2,2,3,25,30,5
firefly-iii/firefly-iii,7,0,0,0,0,0,2,6,1
fkhadra/react-toastify,35,3,0,1,7,5,10,10,5
flairNLP/flair,8,0,0,0,0,1,5,3,2
flatpickr/flatpickr,25,2,1,0,4,2,7,10,5
flightjs/flight,32,1,0,0,6,1,12,13,4
flot/flot,29,0,0,0,0,10,4,16,2
fluent/fluent-bit,94,0,0,0,2,21,31,41,3
fluent/fluentd,22,0,0,0,0,0,7,16,1
fluentassertions/fluentassertions,7,1,1,0,0,0,4,2,3
foambubble/foam,7,1,0,0,0,1,0,6,2
fog/fog,118,5,1,0,0,27,18,68,4
foliojs/pdfkit,41,2,0,0,10,5,18,7,4
fontello/fontello,6,0,0,0,0,0,0,7,0
fontforge/fontforge,74,3,0,0,19,12,12,29,4
forem/forem,5,0,0,1,0,0,1,4,2
forkcms/forkcms,65,11,0,1,1,1,42,10,5
formatjs/formatjs,23,2,0,0,1,1,11,9,4
formium/tsdx,16,1,0,0,9,0,2,5,3
formspree/formspree,17,1,0,0,1,0,3,13,3
fossasia/loklak_search,27,0,0,0,0,1,26,1,2
fossasia/susper.com,14,4,0,1,1,2,4,3,5
framer/motion,19,5,0,0,1,4,4,6,4
framework7io/framework7,26,5,1,0,0,2,12,7,4
frappe/erpnext,21,0,0,0,0,1,0,21,1
freeCodeCamp/chapter,120,17,0,2,13,5,53,31,5
freeCodeCamp/devdocs,57,2,0,1,1,5,14,35,5
frenck/awesome-home-assistant,35,1,0,0,1,2,5,27,4
frontity/frontity,17,3,0,0,2,2,3,8,4
fsquillace/junest,144,1,2,0,2,23,26,91,5
fullcalendar/fullcalendar,54,3,1,0,9,14,13,15,5
fwupd/fwupd,15,0,0,0,0,14,0,2,1
gaearon/react-hot-loader,24,5,1,0,5,1,8,5,5
garden-io/garden,137,3,1,0,39,10,44,41,5
gchq/CyberChef,23,2,1,0,2,8,3,8,5
gdg-x/hoverboard,29,1,1,0,0,2,9,17,4
geeeeeeeeek/electronic-wechat,9,0,0,0,1,0,2,7,2
geocoder-php/Geocoder,9,1,0,0,0,1,3,5,3
geometry-zsh/geometry,36,0,0,0,1,15,7,14,3
geopy/geopy,49,1,1,0,5,9,16,18,5
getgrav/grav,53,2,0,0,1,1,5,45,4
getredash/redash,44,5,1,2,0,6,3,28,5
getsentry/sentry-javascript,23,1,1,0,10,1,6,5,5
getsentry/sentry-react-native,23,0,0,0,15,1,5,3,3
ggreer/the_silver_searcher,9,2,0,0,1,0,3,4,3
giacomelli/GeneticSharp,17,1,0,1,0,0,4,12,3
gilbarbara/react-inlinesvg,7,0,0,0,0,3,1,4,2
ging/social_stream,6,0,0,0,0,0,1,6,1
gionkunz/chartist-js,38,2,0,0,9,8,7,13,4
git-tfs/git-tfs,19,2,0,1,0,3,8,6,4
git-tips/tips,7,1,0,0,1,0,3,3,3
git/git,6,2,0,1,0,0,1,3,3
gitextensions/gitextensions,31,3,3,0,0,1,10,15,4
github-changelog-generator/github-changelog-generator,51,3,0,0,7,8,13,21,4
github-for-unity/Unity,65,3,2,1,3,0,2,55,5
github/backup-utils,8,1,0,0,0,1,5,2,3
github/brubeck,14,4,0,0,0,0,7,4,2
github/choosealicense.com,29,4,0,0,2,0,19,5,3
github/developer.github.com,35,0,0,0,1,7,5,23,3
github/explore,53,0,1,1,1,2,9,40,5
github/fetch,25,4,0,0,0,1,15,6,3
github/gemoji,11,0,0,0,3,1,3,5,3
github/github-services,6,2,0,1,0,0,3,1,3
github/glb-director,23,5,0,0,1,0,12,6,3
github/janky,20,4,0,0,0,1,10,6,3
github/linguist,106,10,3,1,9,7,34,43,6
github/markup,32,3,0,1,4,2,11,12,5
github/opensource.guide,37,3,0,1,5,3,4,22,5
github/opensourcefriday,31,7,0,0,3,1,3,18,4
github/pages-gem,61,6,3,1,5,1,16,30,6
github/scientist,14,4,0,0,0,0,7,4,2
github/scripts-to-rule-them-all,14,4,0,0,0,0,7,4,2
github/secure_headers,25,3,0,0,1,1,11,10,4
github/super-linter,41,9,0,0,0,0,19,14,2
github/view_component,32,4,0,0,1,1,19,8,4
gitlabhq/gitlab-ci,35,3,0,0,0,1,11,21,3
gitlabhq/gitlabhq,65,1,0,0,0,2,7,56,3
gitpitch/gitpitch,8,1,0,0,0,0,3,5,2
glfw/glfw,108,7,0,1,5,11,12,73,5
globalize/globalize,30,5,0,0,3,1,10,12,4
glpi-project/glpi,18,2,0,1,0,0,0,16,2
gnuradio/gnuradio,27,0,0,0,0,4,13,11,2
go-lang-plugin-org/go-lang-idea-plugin,78,5,0,1,10,10,11,42,5
go-modules-by-example/index,27,3,0,0,6,5,5,9,4
gocardless/statesman,8,0,0,0,0,2,3,4,2
gocd/gocd,10,1,0,0,0,0,3,7,2
godotengine/godot,73,6,0,2,1,5,18,42,5
gollum/gollum,50,2,0,0,3,1,17,28,4
google-ar/arcore-android-sdk,15,2,0,2,0,0,7,5,3
google-ar/arcore-unity-sdk,15,2,0,2,0,0,7,5,3
google-research/bert,8,0,0,2,0,1,5,1,3
google-research/text-to-text-transfer-transformer,8,0,0,2,0,0,5,2,2
google/AFL,8,0,0,2,0,0,5,2,2
google/agera,7,0,0,0,0,0,6,2,1
google/auto,6,1,0,0,0,1,4,1,3
google/binnavi,6,0,0,0,0,0,4,3,1
google/bloaty,12,1,0,1,0,2,6,3,4
google/brotli,6,0,0,0,0,0,4,3,1
google/cameraview,14,6,0,0,0,1,4,4,3
google/clusterfuzz,10,0,0,2,0,0,5,4,2
google/cpu_features,6,0,0,0,0,0,5,2,1
google/data-transfer-project,6,0,0,0,0,0,5,2,1
google/draco,6,0,0,0,0,0,4,3,1
google/earthenterprise,8,0,0,0,0,0,5,4,1
google/eddystone,12,1,0,0,0,1,9,2,3
google/error-prone,7,0,0,0,0,0,4,4,1
google/filament,25,7,0,2,1,3,6,7,5
google/flatbuffers,11,0,0,0,0,1,7,4,2
google/flutter-desktop-embedding,12,0,0,1,0,5,5,2,3
google/fruit,81,1,0,0,9,10,33,29,4
google/glog,12,2,0,0,0,0,9,2,2
google/google-authenticator-libpam,6,0,0,0,0,0,4,3,1
google/google-java-format,6,0,0,0,0,0,4,3,1
google/googletest,47,10,0,2,1,2,21,12,5
google/gts,6,0,0,0,0,0,5,2,1
google/guava,26,1,0,0,1,1,16,8,4
google/guetzli,6,0,0,0,0,0,4,3,1
google/guice,13,2,0,0,0,1,9,2,3
google/honggfuzz,7,0,0,0,0,0,4,4,1
google/ion,6,0,0,0,0,0,4,3,1
google/j2objc,12,2,0,0,0,0,9,2,2
google/jax,3,0,0,0,0,0,3,1,1
google/leveldb,12,1,0,0,0,1,7,4,3
google/libphonenumber,60,5,1,0,1,3,24,27,5
google/lovefield,7,0,0,0,0,0,5,3,1
google/model-viewer,16,1,0,0,0,0,7,9,2
google/ngx_brotli,7,0,0,0,0,0,4,4,1
google/oboe,6,0,0,0,0,0,4,3,1
google/oss-fuzz,6,0,0,0,0,0,4,3,1
google/physical-web,12,2,0,0,0,0,9,2,2
google/python-fire,6,0,0,0,0,0,5,2,1
google/pytype,37,1,0,0,2,5,19,11,4
google/recaptcha,11,0,0,0,0,2,7,3,2
google/rejoiner,6,0,0,0,0,0,5,2,1
google/robotstxt,8,0,0,2,0,0,5,2,2
google/sandboxed-api,6,0,0,0,0,0,4,3,1
google/sentencepiece,6,0,0,0,0,0,4,3,1
google/seq2seq,6,0,0,0,0,0,5,2,1
google/snappy,7,0,0,0,0,0,6,2,1
google/tcmalloc,20,0,0,2,0,0,12,7,2
google/tink,8,0,0,0,0,2,5,2,2
google/trax,13,0,0,2,0,0,6,6,2
google/tsunami-security-scanner,8,0,0,2,0,0,5,2,2
google/volley,12,0,0,0,0,0,8,5,1
google/wuffs,4,0,0,0,0,0,3,2,1
google/zopfli,6,0,0,0,0,0,4,3,1
googleanalytics/autotrack,6,0,0,0,0,0,4,3,1
googleapis/google-api-dotnet-client,22,2,0,0,1,4,9,7,4
googleapis/google-api-nodejs-client,30,7,0,0,2,2,12,8,4
googleapis/google-api-php-client,13,1,0,0,0,2,7,4,3
googleapis/google-api-ruby-client,14,7,0,0,0,0,4,4,2
googleapis/google-auth-library-nodejs,30,7,0,0,2,2,12,8,4
googleapis/google-cloud-ruby,74,1,0,0,11,11,37,15,4
googlearchive/android-Camera2Basic,14,6,0,0,0,1,4,4,3
googlearchive/android-ConstraintLayoutExamples,6,0,0,0,0,0,5,2,1
googlecreativelab/open-nsynth-super,6,0,0,0,0,0,5,2,1
googledatalab/datalab,9,0,0,0,0,1,4,5,2
googlemaps/google-maps-services-js,6,0,0,0,0,0,4,3,1
googleprojectzero/winafl,6,0,0,0,0,0,5,2,1
googlesamples/google-services,28,9,0,0,0,1,7,12,3
googlevr/gvr-unity-sdk,8,0,0,2,0,0,6,1,2
gosu/gosu,41,0,0,0,0,34,0,8,1
gpujs/gpu.js,3,0,0,0,0,1,2,1,2
gradle/gradle-completion,46,1,0,1,7,1,24,13,5
grafana/grafana,37,0,2,0,2,0,4,30,3
grandnode/grandnode,12,5,0,0,0,2,2,4,3
graphhopper/graphhopper,22,4,0,0,1,5,9,4,4
graphile/postgraphile,116,0,0,0,33,7,38,39,3
graphql-editor/graphql-editor,28,1,2,3,0,0,2,21,4
graphql-editor/graphql-zeus,14,0,2,0,0,0,1,12,2
graphql-java/graphql-java,9,1,0,0,0,1,3,5,3
graphql-python/graphene-django,25,3,0,0,4,0,5,14,3
graphql/dataloader,19,2,0,0,0,4,7,7,3
graphql/graphiql,25,3,0,0,0,2,15,6,3
graphql/graphql-spec,67,10,0,0,0,10,5,43,3
greenplum-db/gpdb,34,6,0,0,3,3,18,5,4
greenrobot/EventBus,24,0,0,2,0,0,1,22,2
greenshot/greenshot,16,0,0,0,0,16,0,1,1
gregberge/svgr,38,5,0,1,6,4,9,14,5
greymd/tmux-xpanes,21,2,1,1,0,0,6,12,4
grpc/grpc-java,34,0,0,0,5,3,17,10,3
grpc/grpc,42,1,0,0,2,7,18,15,4
gsuitedevs/md2googleslides,6,0,0,0,0,0,4,3,1
guard/guard-rspec,20,1,0,1,0,2,5,12,4
guard/guard,43,1,1,3,2,2,9,26,6
guard/listen,23,1,1,2,0,1,7,12,5
guess-js/guess,27,1,1,1,0,2,8,15,5
guillaumechereau/goxel,29,0,0,0,1,14,6,9,3
guillaumepotier/Parsley.js,25,0,0,0,1,2,11,12,3
guipdutra/awesome-geek-podcasts,15,1,0,0,1,1,5,8,4
gulpjs/gulp,50,3,0,7,0,6,5,30,4
h2o/h2o,8,1,0,0,1,1,3,3,4
h5bp/html5-boilerplate,43,2,0,0,5,2,10,25,4
h6ah4i/android-advancedrecyclerview,13,1,0,0,0,1,0,12,2
hacksalot/HackMyResume,19,2,0,1,2,0,6,9,4
haifengl/smile,26,4,0,1,0,0,8,14,3
hakimel/reveal.js,13,0,0,0,0,1,5,8,2
haltu/muuri,42,3,0,0,5,2,15,18,4
hanami/hanami,29,5,1,0,0,2,7,15,4
handlebars-lang/handlebars.js,62,3,0,0,9,8,24,19,4
happynear/caffe-windows,17,0,0,0,0,0,6,12,1
hardkoded/puppeteer-sharp,24,0,0,0,2,3,10,10,3
hardware/mailserver,14,2,0,0,1,1,5,6,4
hashicorp/vagrant,49,6,0,1,0,1,24,18,4
hashie/hashie,55,7,0,0,2,3,32,12,4
hasura/skor,19,0,0,1,7,1,5,6,4
hazelcast/hazelcast,21,1,0,0,0,3,9,9,3
hbons/SparkleShare,6,0,0,0,0,1,1,5,2
heartcombo/devise,20,0,1,0,0,0,8,12,2
heartcombo/mail_form,5,0,0,1,0,0,2,3,2
heartcombo/simple_form,5,0,0,0,0,0,1,5,1
hediet/vscode-debug-visualizer,30,2,0,0,10,4,2,13,4
helmetjs/helmet,7,0,0,0,0,1,3,4,2
helpyio/helpy,19,2,2,0,0,1,6,9,4
hensm/fx_cast,22,3,0,0,0,2,3,15,3
heroku/heroku-buildpack-nodejs,19,1,0,0,5,0,10,4,3
hexojs/hexo,37,4,0,0,2,4,16,12,4
hibernate/hibernate-orm,45,6,0,0,3,2,21,14,4
highcharts/highcharts,60,1,0,0,1,9,20,30,4
hirschmann/nbfc,22,1,0,0,0,5,5,12,3
hishamhm/htop,10,1,0,0,0,0,1,9,2
home-assistant/core,10,2,0,0,0,0,5,4,2
homebridge/homebridge,15,1,0,0,5,1,1,8,4
homenc/HElib,9,1,0,0,0,0,8,1,2
horovod/horovod,31,0,0,0,0,2,4,26,2
hothero/awesome-rails-gem,13,0,0,0,0,2,5,7,2
houndci/hound,129,5,0,0,11,24,21,69,4
housseindjirdeh/angular2-hn,21,3,0,1,8,0,7,3,4
houtianze/bypy,4,0,0,0,0,0,1,4,1
howdyai/botkit,38,0,0,1,0,8,15,15,3
hpneo/gmaps,18,0,0,0,0,10,3,6,2
hql287/Manta,37,3,1,2,6,3,12,11,6
hshoff/vx,21,2,0,0,10,3,2,5,4
hsoft/collapseos,21,1,0,0,0,3,1,17,3
hszhao/PSPNet,17,0,0,0,0,0,6,12,1
hteso/iaito,5,0,0,0,0,3,1,2,2
httprb/http,13,0,0,0,0,1,1,12,2
hubotio/hubot,40,4,0,1,2,3,19,12,5
hugapi/hug,41,9,0,0,9,2,6,16,4
huggingface/nlp,50,4,0,0,8,4,18,17,4
huggingface/transformers,103,8,1,0,5,11,38,41,5
hugsy/gef,11,3,0,0,0,1,6,2,3
humbug/humbug,5,0,0,0,0,1,2,3,2
humhub/humhub,17,4,0,1,0,0,1,12,3
hybridauth/hybridauth,18,3,0,0,0,4,3,9,3
hyperledger-archives/iroha,59,0,2,3,0,16,13,26,4
i3/i3,18,1,0,0,1,1,3,13,4
iBotPeaches/Apktool,11,1,0,0,2,1,2,6,4
iNPUTmice/Conversations,5,0,0,0,0,0,0,6,0
iamkun/dayjs,15,0,0,1,0,2,5,8,3
ianstormtaylor/slate,42,0,1,2,8,3,15,14,5
iberianpig/fusuma,27,3,3,0,5,3,6,8,5
icicleio/icicle,8,1,0,0,0,1,5,2,3
icsharpcode/SharpDevelop,5,0,0,0,0,0,3,3,1
icsharpcode/SharpZipLib,5,0,0,0,0,0,3,3,1
idealo/imagededup,21,1,4,0,0,1,8,8,4
idiotWu/smooth-scrollbar,45,0,0,0,7,1,15,23,3
ifmeorg/ifme,10,0,0,1,0,0,0,10,1
igraph/igraph,56,2,0,1,5,5,16,28,5
illacceptanything/illacceptanything,11,0,0,0,0,0,4,8,1
iluminar/goodwork,70,5,0,0,14,6,32,14,4
imWildCat/scylla,33,1,0,15,2,0,5,11,4
imakewebthings/waypoints,19,0,0,0,1,0,8,11,2
immutable-js/immutable-js,45,4,0,0,5,6,19,12,4
improbable-eng/grpc-web,42,1,0,0,10,0,11,21,3
include-what-you-use/include-what-you-use,35,4,0,0,1,9,7,15,4
indiespirit/react-native-chart-kit,9,2,0,0,2,1,0,5,3
infection/infection,9,0,0,0,1,1,4,4,3
infinitered/ProMotion,15,5,0,0,2,1,5,3,4
infinitered/gluegun,33,3,0,0,10,0,11,10,3
infinitered/ignite,48,2,0,0,9,6,17,15,4
infinitered/reactotron,8,1,0,0,5,0,1,2,3
influxdata/chronograf,55,4,0,0,12,4,16,20,4
inspec/inspec,79,3,1,2,0,1,24,49,5
instructure/canvas-lms,37,2,1,1,0,2,20,12,5
intel/haxm,23,0,0,0,0,0,13,11,1
interagent/prmd,12,3,0,0,0,0,2,8,2
interpretml/interpret,6,0,0,0,0,0,1,6,1
intuit/karate,8,1,0,0,0,0,2,6,2
inversify/InversifyJS,13,0,0,1,5,0,6,2,3
invoiceninja/invoiceninja,30,3,0,0,0,5,10,13,3
iodide-project/pyodide,35,1,0,2,3,3,16,11,5
ionic-team/capacitor,68,4,0,2,5,7,10,41,5
ionic-team/ionic-cli,76,4,0,0,14,18,16,25,4
ionic-team/ionic-conference-app,40,0,0,1,0,7,4,29,3
ionic-team/ionic-framework,166,5,1,0,10,3,86,62,5
ionic-team/ionic-native,13,1,0,0,1,1,0,11,3
ionic-team/ionicons,33,5,0,0,5,0,10,14,3
ionic-team/stencil,49,2,1,0,2,0,30,15,4
iptv-org/iptv,64,1,0,10,4,3,19,28,5
ipython/ipython,39,1,0,0,0,3,15,21,3
iqiyi/dpvs,12,4,0,0,1,3,2,3,4
iqiyi/xCrash,27,3,0,0,0,5,12,8,3
iqiyi/xHook,25,3,0,0,0,4,12,7,3
irtimmer/moonlight-embedded,19,1,0,0,0,1,5,13,3
isocpp/CppCoreGuidelines,31,0,0,0,1,10,8,13,3
isomorphic-git/isomorphic-git,45,0,0,0,0,14,6,26,2
itchio/itch,41,0,0,1,1,0,17,23,3
itext/itextsharp,91,10,0,1,0,6,42,33,4
ivandavidov/minimal,7,1,0,0,3,0,3,1,3
j4mie/paris,6,0,0,0,0,0,3,4,1
jMonkeyEngine/jmonkeyengine,41,1,0,1,3,6,12,19,5
jabbany/CommentCoreLibrary,13,1,0,0,1,0,1,11,3
jackocnr/intl-tel-input,24,1,0,0,8,3,4,9,4
jakesgordon/javascript-state-machine,21,1,0,0,5,4,8,4,4
jakubgarfield/Bonobo-Git-Server,14,2,0,0,0,5,6,2,3
jamesmfriedman/rmwc,69,2,0,1,13,13,17,24,5
jamesmh/coravel,8,1,0,1,0,0,4,3,3
janet-lang/janet,28,2,0,0,0,9,4,14,3
janpaepke/ScrollMagic,72,3,0,0,5,7,17,41,4
jaredpalmer/razzle,54,6,0,0,5,8,12,24,4
jashkenas/backbone,6,1,0,0,0,1,3,2,3
jashkenas/ruby-processing,13,2,1,0,0,0,2,9,3
jashkenas/underscore,7,1,0,1,0,1,3,2,4
jasperproject/jasper-client,30,2,0,0,1,5,7,16,4
javafxports/openjdk-jfx,5,0,0,0,1,0,1,4,2
javaparser/javaparser,21,6,0,0,1,1,6,8,4
javascript-obfuscator/javascript-obfuscator,15,0,0,0,7,2,5,2,3
jaywcjlove/awesome-mac,35,4,1,0,0,2,12,17,4
jazzband/pip-tools,30,1,0,1,0,5,10,14,4
jbeder/yaml-cpp,9,0,0,0,0,3,7,0,2
jbush001/NyuziProcessor,29,2,1,0,4,8,7,8,5
jch/html-pipeline,24,0,0,0,1,1,11,12,3
jeelabs/esp-link,8,2,0,0,0,0,3,4,2
jekyll/jekyll,83,5,4,0,4,8,31,32,5
jenkinsci/blueocean-plugin,28,2,0,2,0,4,6,15,4
jeremylong/DependencyCheck,21,0,0,1,0,0,5,16,2
jeremyw/stamp,9,3,0,0,1,1,2,3,4
jerryscript-project/jerryscript,54,3,0,0,1,1,30,20,4
jest-community/vscode-jest,55,1,0,0,12,10,10,23,4
jfelchner/ruby-progressbar,23,2,1,0,0,1,7,13,4
jhipster/generator-jhipster,187,17,0,1,24,19,69,58,5
jiaaro/pydub,25,2,0,0,0,1,7,16,3
jiahaog/nativefier,16,0,0,0,4,1,3,9,3
jindongwang/transferlearning,8,0,0,0,0,2,1,6,2
jitsi/jitsi-meet,43,1,1,0,0,21,12,9,4
jitsi/jitsi,23,0,1,0,2,2,6,13,4
jlfwong/speedscope,22,1,0,0,5,5,6,6,4
jnunemaker/httparty,17,4,0,0,3,0,2,9,3
joelgriffith/navalia,43,2,0,0,2,12,5,23,4
joelittlejohn/jsonschema2pojo,9,0,0,0,0,0,10,0,1
johannesjo/super-productivity,21,0,0,0,0,1,1,20,2
johnbillion/query-monitor,68,1,0,0,11,3,32,22,4
johnpapa/angular-ngrx-data,38,4,0,1,0,0,10,24,3
jolicode/JoliNotif,35,6,0,0,4,4,11,11,4
jondot/awesome-react-native,11,1,0,0,0,1,3,7,3
jonls/redshift,64,1,0,0,10,9,14,31,4
joomla/joomla-cms,9,0,0,0,0,1,4,5,2
joshfarrant/shortcuts-js,15,1,0,0,0,2,10,3,3
jovotech/jovo-framework,17,2,0,1,0,2,2,11,4
joyent/triton,14,1,0,0,0,1,5,8,3
joypixels/emojione,14,0,0,0,0,2,4,9,2
jpfuentes2/php-activerecord,17,0,0,0,3,0,13,2,2
jquery-form/form,57,7,3,0,4,1,16,27,5
jquery-validation/jquery-validation,31,2,0,0,5,5,7,13,4
jquery/esprima,9,2,0,0,1,0,3,4,3
jquery/jquery,65,6,0,1,10,8,11,30,5
jquery/sizzle,2,0,0,0,0,0,1,2,1
jrnl-org/jrnl,70,4,0,0,5,6,23,33,4
js-cookie/js-cookie,29,1,0,0,10,2,11,6,4
jsfiddle/togetherjs,11,3,0,0,0,1,0,8,2
jshint/jshint,96,1,0,0,4,21,34,37,4
jshjohnson/Choices,8,0,0,0,1,1,2,5,3
julianshapiro/velocity,5,0,0,0,0,0,1,5,1
junit-team/junit4,26,3,1,0,2,5,6,10,5
jupyter-widgets/ipywidgets,7,1,0,0,0,0,0,7,1
jupyter-xeus/xeus-cling,10,0,0,0,3,0,0,8,1
jupyter/docker-stacks,0,0,0,0,0,0,0,1,0
jupyterhub/jupyterhub,55,0,0,1,9,4,21,21,4
justadudewhohacks/opencv4nodejs,86,1,0,0,0,50,9,27,3
justinmayer/virtualfish,17,1,0,0,0,1,3,13,3
jvoisin/php-malware-finder,36,4,0,0,4,0,16,13,3
jwagner/smartcrop.js,29,1,0,0,3,5,7,14,4
jxnblk/mdx-deck,42,2,0,15,4,1,9,12,5
k0shk0sh/FastHub,60,3,0,1,2,5,13,37,5
k4m4/movies-for-hackers,14,1,0,0,0,1,5,8,3
k4m4/terminals-are-sexy,13,1,0,0,0,1,5,7,3
k9mail/k-9,13,1,0,1,0,0,1,11,3
kactus-io/kactus,60,3,0,1,0,1,1,55,4
kamailio/kamailio,127,1,0,1,2,12,61,51,5
kamilkisiela/apollo-angular,55,6,1,1,5,4,11,28,6
kaminari/kaminari,14,2,0,0,0,1,1,11,3
karafka/karafka,21,1,1,1,0,0,5,14,4
karlstav/cava,11,1,0,0,0,4,4,3,3
kartik-v/bootstrap-fileinput,88,3,0,1,0,0,25,60,3
kbrsh/moon,37,1,0,1,8,5,12,11,5
keeweb/keeweb,30,2,0,1,0,1,3,24,4
kentcdodds/cross-env,13,2,0,0,5,0,2,5,3
kenwheeler/slick,16,1,0,0,0,0,3,13,2
keon/algorithms,34,3,0,0,1,2,8,21,4
keras-rl/keras-rl,15,1,1,1,0,1,6,6,5
keras-team/autokeras,36,2,0,0,7,5,14,9,4
keras-team/keras,49,8,0,0,3,5,14,20,4
keyboardsurfer/idea-live-templates,6,0,0,0,0,0,4,3,1
keycloak/keycloak-containers,37,1,2,0,1,0,23,11,4
keycloak/keycloak,42,1,2,0,4,0,25,11,4
kilimchoi/engineering-blogs,17,1,0,0,5,2,4,6,4
kimmobrunfeldt/progressbar.js,65,0,0,0,10,3,32,21,3
kint-php/kint,12,0,0,0,1,2,2,8,3
kitetail/zttp,24,0,0,0,0,16,5,4,2
kivy/kivy,17,3,0,0,0,2,3,10,3
klein/klein.php,14,0,0,0,1,4,7,3,3
knex/knex,69,1,0,1,8,10,19,31,5
kohana/kohana,82,0,0,0,5,0,59,19,2
kornelski/pngquant,4,0,0,0,0,0,3,2,1
kosua20/herebedragons,12,1,0,0,0,0,1,11,2
kovidgoyal/kitty,7,1,0,0,1,0,1,5,3
kpumuk/meta-tags,22,2,0,0,2,3,6,10,4
kraken-php/framework,11,0,0,0,0,1,9,2,2
krakenjs/kraken-js,21,2,0,0,4,2,12,2,4
kriasoft/nodejs-api-starter,42,1,0,0,5,1,10,26,4
kriasoft/react-starter-kit,26,1,0,1,1,4,9,11,5
kriasoft/universal-router,43,1,0,0,5,1,10,27,4
krisk/Fuse,45,4,0,0,2,1,25,14,4
krisleech/wisper,26,4,0,2,0,2,8,11,4
ksoichiro/Android-ObservableScrollView,26,0,0,0,3,2,1,21,3
kubeapps/kubeapps,49,0,0,15,2,0,13,20,3
kubernetes-client/python,53,7,0,0,2,3,23,19,4
kubernetes-retired/kubeadm-dind-cluster,14,5,0,0,0,0,5,5,2
kubernetes-sigs/kubespray,17,4,0,0,3,2,2,7,4
kulshekhar/ts-jest,33,1,0,15,0,0,6,12,3
kusti8/proton-native,10,1,0,0,1,1,3,5,4
kwsch/PKHeX,12,1,0,1,0,3,2,6,4
kylemanna/docker-openvpn,19,2,0,0,0,3,7,8,3
kyleneideck/BackgroundMusic,15,1,0,0,1,2,2,10,4
l-lin/angular-datatables,15,1,0,0,0,2,0,13,2
laravel-zero/laravel-zero,11,0,0,0,0,0,8,4,1
laravel/cashier-stripe,6,0,0,0,1,2,2,2,3
laravelio/laravel.io,18,0,0,1,1,3,8,6,4
laserlemon/figaro,29,5,3,0,0,0,4,18,3
laurent22/joplin,45,3,0,0,4,2,14,23,4
lcobucci/jwt,22,0,0,0,0,4,8,11,2
le5le-com/topology,93,2,0,0,2,4,60,26,4
leandrowd/react-responsive-carousel,27,3,0,0,7,2,9,7,4
leanprover/lean,21,1,1,0,0,2,7,11,4
learnapollo/learnapollo,7,2,0,0,0,0,1,5,2
learnrelay/learnrelay,7,2,0,0,0,0,1,5,2
ledger/ledger,36,3,0,0,6,10,8,10,4
leela-zero/leela-zero,69,1,0,0,1,30,13,25,4
leereilly/swot,24,3,0,0,0,4,5,13,3
leonardomso/33-js-concepts,13,1,0,0,0,0,5,8,2
lerna/lerna,40,1,0,0,9,5,14,12,4
less/less.js,29,0,0,0,0,7,6,17,2
lettuce-io/lettuce-core,45,4,0,4,3,2,5,28,5
lexik/LexikJWTAuthenticationBundle,18,1,0,0,1,3,6,8,4
liabru/matter-js,19,0,0,0,9,2,4,5,3
liaralabs/swizzin,32,1,0,0,3,10,4,15,4
libarchive/libarchive,37,1,0,0,1,1,6,29,4
libevent/libevent,14,1,0,1,0,4,5,4,4
libgit2/libgit2,48,3,0,2,0,5,23,16,4
libgit2/libgit2sharp,32,7,0,0,2,2,14,8,4
libjpeg-turbo/libjpeg-turbo,35,4,0,0,2,4,7,19,4
libuv/libuv,53,5,0,0,1,13,29,6,4
lidangzzz/hedgehog-lab,34,2,1,0,8,0,16,8,4
lidarr/Lidarr,40,5,1,1,6,5,5,18,6
lifting-bits/mcsema,34,3,0,1,2,4,11,14,5
liftoffcli/liftoff,25,3,1,0,3,1,8,10,5
lightbend/config,6,2,0,0,0,0,2,3,2
liip/LiipImagineBundle,38,5,0,0,3,3,18,10,4
likedan/Awesome-CoreML-Models,14,1,0,0,0,2,2,10,3
lingochamp/okdownload,12,0,0,0,0,1,9,3,2
lingui/js-lingui,36,1,0,0,12,3,14,7,4
linkedin/css-blocks,27,2,0,0,5,4,11,6,4
linq2db/linq2db,101,2,0,0,9,22,36,33,4
liriliri/eruda,11,1,0,0,7,0,2,2,3
litaio/lita,10,1,0,1,0,2,3,4,4
lk-geimfari/awesomo,12,0,0,0,0,1,6,6,2
llSourcell/learn_math_fast,8,1,0,0,0,0,2,6,2
lmcinnes/umap,12,2,0,0,0,3,3,5,3
lnbook/lnbook,43,8,1,0,0,9,3,23,4
lobsters/lobsters,16,2,1,0,0,1,13,0,4
lodash/lodash,23,1,0,0,1,6,8,8,4
logstash-plugins/logstash-patterns-core,26,4,0,3,0,0,4,16,3
lolcommits/lolcommits,16,2,0,0,1,1,11,2,4
longhorn/longhorn,23,0,0,1,0,0,9,14,2
loomio/loomio,18,0,0,1,0,0,0,18,1
lostisland/faraday,24,5,0,0,3,3,4,10,4
louthy/language-ext,17,1,0,1,0,3,4,9,4
lovell/sharp,41,1,0,0,2,6,11,22,4
lra/mackup,15,0,0,0,0,3,6,7,2
lsegal/yard,28,3,2,1,0,1,5,17,5
luberda-molinet/FFImageLoading,7,1,1,0,3,0,1,2,4
lucadegasperi/oauth2-server-laravel,15,0,0,0,0,1,11,4,2
lukasoppermann/html5sortable,40,2,1,0,4,3,24,7,5
lukeautry/tsoa,43,2,0,0,0,2,18,22,3
lxqt/lxqt,18,2,1,2,1,0,2,11,5
lynndylanhurley/devise_token_auth,22,2,0,0,5,0,12,4,3
m9rco/algorithm-php,5,0,0,0,0,0,2,4,1
machine/machine.specifications,3,1,0,0,0,0,0,3,1
madskristensen/WebEssentials2013,47,1,0,0,3,4,12,28,4
magnumripper/JohnTheRipper,19,1,0,1,0,1,8,9,4
maicki/why-did-you-update,11,0,0,0,7,1,2,2,3
mail-in-a-box/mailinabox,27,0,0,0,10,2,4,12,3
mailcow/mailcow-dockerized,7,0,0,1,0,0,1,6,2
mailpile/Mailpile,43,4,2,3,0,0,7,28,4
makeusabrew/bootbox,12,0,0,0,1,0,7,5,2
mapbox/mapbox-gl-native,23,1,0,0,1,0,4,18,3
mapnik/mapnik,181,4,0,0,5,50,50,73,4
mapsme/omim,80,0,1,0,12,17,7,44,4
mapstruct/mapstruct,16,2,0,1,0,3,7,4,4
marblejs/marble,52,5,0,0,9,0,19,20,3
marcobambini/gravity,11,1,0,0,0,3,4,4,3
mariadb-corporation/MaxScale,8,1,0,0,0,0,4,4,2
markdown-it/markdown-it,8,1,0,0,0,1,2,5,3
markdownlint/markdownlint,43,6,3,0,1,2,10,22,5
markedjs/marked,43,2,1,0,6,5,14,16,5
marko-js/marko,89,6,1,0,2,3,28,50,5
markrogoyski/math-php,29,1,0,0,0,4,15,10,3
marktext/marktext,59,6,0,0,4,5,23,22,4
marmelab/gremlins.js,29,2,0,0,0,2,13,13,3
marmelab/react-admin,31,2,0,1,0,5,9,15,4
matchai/spacefish,31,3,0,0,2,3,9,15,4
material-components/material-components-android,42,3,0,0,5,10,7,18,4
material-components/material-components-web-react,15,1,0,0,0,2,5,8,3
material-components/material-components-web,56,3,0,0,16,5,21,12,4
material-theme/vsc-material-theme,61,2,1,0,8,11,6,34,5
mathnet/mathnet-numerics,26,7,1,0,0,3,8,8,4
matomo-org/matomo,8,0,0,0,0,0,0,9,0
matrix-org/synapse,78,1,1,0,1,9,40,27,5
mattallty/Caporal.js,11,2,0,0,0,0,7,3,2
mattboldt/typed.js,19,1,0,0,5,1,7,6,4
matthiasmullie/minify,20,0,0,0,0,2,9,10,2
mautic/mautic,34,1,0,1,1,1,11,20,5
mavlink/qgroundcontrol,4,0,0,0,0,0,2,3,1
maximebf/php-debugbar,15,0,0,0,0,6,4,6,2
maxogden/menubar,15,1,0,0,0,1,2,12,3
maxwellito/vivus,3,1,0,0,0,0,0,3,1
mbasso/asm-dom,26,1,1,0,5,3,5,12,5
mbleigh/acts-as-taggable-on,38,3,0,0,1,4,16,15,4
mdbootstrap/Angular-Bootstrap-with-Material-Design,29,3,0,1,0,1,11,14,4
meanjs/mean,52,1,0,0,1,1,33,17,4
meetalva/alva,95,5,3,0,6,16,9,57,5
merbanan/rtl_433,31,2,1,0,0,5,16,8,4
merit-gem/merit,13,1,0,0,3,1,4,5,4
mermaid-js/mermaid,40,6,1,1,1,2,15,15,6
messageformat/messageformat,9,1,0,0,2,1,2,4,4
meteor/meteor,114,4,2,1,1,4,15,88,6
mevdschee/php-crud-api,7,0,0,0,1,3,2,2,3
mfontanini/libtins,9,0,0,0,0,0,3,7,1
mgba-emu/mgba,88,0,0,0,3,34,11,41,3
mgcrea/angular-strap,66,4,0,0,8,2,49,4,4
mgechev/angular-seed,10,0,0,0,1,0,6,4,2
mgechev/codelyzer,105,1,0,0,2,4,63,36,4
michalsnik/aos,17,0,0,0,6,0,7,5,2
micronaut-projects/micronaut-core,54,1,0,0,14,8,12,20,4
microservices-demo/microservices-demo,14,1,1,0,0,1,5,7,4
microsoft/ApplicationInspector,3,0,0,1,0,0,2,1,2
microsoft/AttackSurfaceAnalyzer,3,0,0,0,0,0,3,1,1
microsoft/BosqueLanguage,33,1,0,1,1,2,9,20,5
microsoft/BotBuilder-Samples,24,1,0,1,0,0,3,20,3
microsoft/BotFramework-Emulator,56,1,0,0,22,2,4,28,4
microsoft/ChakraCore,42,1,1,0,4,2,19,16,5
microsoft/CodeContracts,21,1,0,0,0,0,7,14,2
microsoft/DeepSpeed,23,0,0,1,1,0,18,4,3
microsoft/DirectXShaderCompiler,36,1,0,0,0,0,15,21,2
microsoft/FASTER,3,0,0,1,0,0,2,1,2
microsoft/GSL,18,0,0,0,0,2,14,3,2
microsoft/LightGBM,6,1,0,0,0,0,2,4,2
microsoft/PTVS,3,0,0,1,0,0,0,3,1
microsoft/ProcDump-for-Linux,67,1,0,0,8,26,15,18,4
microsoft/ProcMon-for-Linux,20,1,0,1,6,0,7,6,4
microsoft/Pyjion,39,1,0,1,8,2,10,18,5
microsoft/SEAL,8,0,0,1,0,2,4,2,3
microsoft/TouchDevelop,20,4,0,1,0,1,11,4,4
microsoft/TypeScript,100,2,0,0,3,9,37,50,4
microsoft/TypeScriptSamples,13,0,0,0,1,0,4,9,2
microsoft/VFSForGit,118,2,0,1,0,37,19,60,4
microsoft/VS-PPT,32,2,0,0,0,7,6,18,3
microsoft/VisualStudioUninstaller,14,1,0,0,5,0,4,5,3
microsoft/VoTT,60,3,0,0,0,3,40,15,3
microsoft/WebTemplateStudio,44,5,0,1,0,14,11,14,4
microsoft/Win2D,77,7,0,0,1,6,33,31,4
microsoft/WindowsCompositionSamples,31,0,0,0,1,1,14,16,3
microsoft/WindowsTemplateStudio,61,5,0,0,1,23,9,24,4
microsoft/Xaml-Controls-Gallery,9,0,0,1,0,0,5,4,2
microsoft/aspnet-api-versioning,20,0,1,1,0,0,8,11,3
microsoft/azuredatastudio,27,0,0,0,1,0,3,24,2
microsoft/bond,43,1,1,1,0,5,24,12,5
microsoft/botframework-sdk,17,1,0,0,1,0,11,5,3
microsoft/botframework-solutions,2,0,0,1,0,0,2,0,2
microsoft/calculator,38,1,1,0,1,2,21,13,5
microsoft/checkedc,21,7,0,0,0,1,11,3,3
microsoft/dotnet-apiport,11,0,0,1,4,1,1,5,4
microsoft/fast,78,3,0,1,19,3,16,37,5
microsoft/just,37,2,0,0,8,3,14,11,4
microsoft/maker.js,14,3,0,1,0,0,4,7,3
microsoft/microsoft-ui-xaml,37,3,1,1,2,4,8,19,6
microsoft/monaco-editor,102,2,0,0,33,6,24,38,4
microsoft/msquic,35,6,1,0,1,0,13,15,4
microsoft/nlp-recipes,49,0,0,0,1,8,18,23,3
microsoft/nodejstools,22,1,0,0,0,1,8,13,3
microsoft/onnxjs,8,1,0,1,0,0,2,5,3
microsoft/onnxruntime,36,5,0,1,1,4,13,13,5
microsoft/perfview,21,1,0,0,1,4,7,9,4
microsoft/playwright,107,2,0,1,9,14,55,27,5
microsoft/pxt,23,1,0,0,1,0,10,12,3
microsoft/pyright,3,0,0,1,0,0,2,1,2
microsoft/python-language-server,44,1,0,0,14,11,7,12,4
microsoft/react-native-windows,29,4,0,0,6,0,17,3,3
microsoft/reactxp,27,2,0,1,3,3,13,6,5
microsoft/recommenders,36,0,0,0,0,6,13,18,2
microsoft/reverse-proxy,34,3,0,0,0,0,9,23,2
microsoft/service-fabric,45,4,0,2,0,1,10,29,4
microsoft/tsdoc,42,2,0,1,12,3,20,5,5
microsoft/verona,3,0,0,1,0,0,2,1,2
microsoft/vscode-chrome-debug,21,1,0,0,5,4,5,7,4
microsoft/vscode-cpptools,22,0,0,0,0,4,5,14,2
microsoft/vscode-react-native,42,2,0,0,6,7,17,11,4
microsoft/vscode,53,1,0,1,1,0,5,46,4
microsoftarchive/cqrs-journey,12,1,0,0,0,0,6,6,2
middleman/middleman,30,4,1,0,2,1,10,13,5
midgetspy/Sick-Beard,35,0,0,2,1,2,8,23,4
midori-rb/midori.rb,22,0,0,0,0,0,1,22,1
migueldeicaza/TensorFlowSharp,32,0,0,0,16,6,5,6,3
migueldeicaza/gui.cs,62,1,1,0,1,23,8,29,5
mike-ward/Markdown-Edit,11,1,1,0,1,0,2,7,4
mike42/escpos-php,32,1,0,0,0,5,11,16,3
mikeerickson/phpunit-pretty-result-printer,33,1,0,15,2,0,5,11,4
mikel/mail,27,1,0,0,0,8,13,6,3
mikro-orm/mikro-orm,49,3,0,0,3,9,19,16,4
milvus-io/milvus,64,7,0,0,8,12,22,16,4
mindsdb/mindsdb,24,2,1,1,1,1,10,9,6
mindspore-ai/mindspore,60,7,1,0,4,5,20,24,5
minetest/minetest,74,3,0,0,2,9,17,44,4
mingrammer/diagrams,23,0,0,0,6,6,3,9,3
minkphp/Mink,15,2,0,0,0,1,9,4,3
minoca/os,6,0,0,0,0,0,3,4,1
miripiruni/frontdesk,10,2,0,0,0,0,4,5,2
mjaschen/phpgeo,12,4,0,0,0,0,7,2,2
ml5js/ml5-library,137,10,0,1,32,16,36,43,5
mlaursen/react-md,105,7,0,1,23,19,17,39,5
mledoze/countries,18,0,0,0,1,4,5,9,3
mlpack/mlpack,23,2,0,0,0,1,11,10,3
mob-sakai/ParticleEffectForUGUI,15,2,0,0,0,0,8,6,2
mobxjs/mobx-react-lite,17,1,1,0,1,0,3,12,4
mobxjs/mobx-react,17,1,1,0,1,0,3,12,4
mobxjs/mobx,20,1,1,0,4,0,3,12,4
moby/hyperkit,19,0,0,0,1,1,9,9,3
mochajs/mocha,71,1,0,4,10,3,28,26,5
mockery/mockery,25,2,0,0,0,2,8,14,3
mockoon/mockoon,48,7,1,0,11,2,14,14,5
modxcms/revolution,37,1,0,1,1,1,6,28,5
mojs/mojs,31,1,0,1,0,0,0,30,2
moment/luxon,35,1,0,0,13,6,10,6,4
moment/moment,40,0,1,0,3,5,15,17,4
monfresh/laptop,9,0,0,0,1,1,3,5,3
mongodb/mongo-csharp-driver,8,3,0,0,0,2,2,2,3
mongodb/mongo-java-driver,11,1,0,1,0,3,3,4,4
mongodb/mongo-php-driver-legacy,23,2,0,0,4,1,15,2,4
mongodb/mongo-php-library,67,2,0,0,5,14,15,32,4
mongodb/mongo-ruby-driver,7,1,0,0,0,2,3,2,3
mongodb/node-mongodb-native,9,1,0,1,0,0,4,4,3
monicahq/monica,26,3,0,0,0,0,11,13,2
mono/CppSharp,2,0,0,0,0,0,1,2,1
mono/Embeddinator-4000,18,3,0,2,1,0,4,9,4
mono/mono,19,0,0,0,0,1,13,6,2
moove-it/sidekiq-scheduler,19,0,0,0,0,2,7,11,2
moq/moq4,35,1,0,1,0,3,13,18,4
mosra/magnum,8,1,1,0,0,1,2,4,4
motdotla/dotenv,13,2,0,0,1,2,7,2,4
mozilla/nunjucks,33,2,0,0,1,5,10,16,4
mozilla/pdf.js,9,0,0,0,0,0,0,10,0
mozilla/rr,18,0,0,0,0,5,9,5,2
mpc-hc/mpc-hc,26,2,0,0,2,3,9,11,4
mpdf/mpdf,15,1,0,0,0,1,7,7,3
mperham/sidekiq,13,2,0,0,0,2,1,9,3
mpociot/laravel-apidoc-generator,23,4,0,1,0,0,7,12,3
mps-youtube/mps-youtube,9,2,0,0,0,4,2,2,3
mrdoob/three.js,60,2,0,0,7,6,19,27,4
mrmlnc/fast-glob,26,5,1,0,4,1,6,10,5
mruby/mruby,31,0,0,0,0,18,8,6,2
msracver/Deep-Image-Analogy,17,0,0,0,0,0,6,12,1
mswjs/msw,49,4,0,1,10,5,22,8,5
multiarch/qemu-user-static,39,1,0,0,2,1,10,26,4
mustache/mustache,2,0,0,0,1,0,1,1,2
mwaskom/seaborn,6,1,0,0,0,0,1,5,2
mybatis/generator,44,7,0,0,0,1,17,20,3
mysql-net/MySqlConnector,10,0,0,0,0,1,6,4,2
n8n-io/n8n,103,4,0,1,26,19,24,30,5
namhyung/uftrace,23,0,0,0,0,4,9,11,2
nanoc/nanoc,6,1,0,0,0,0,0,6,1
nanopb/nanopb,11,0,0,0,0,0,1,11,1
narative/gatsby-theme-novela,26,1,1,0,6,4,11,4,5
natemcmaster/CommandLineUtils,17,2,0,0,0,0,3,13,2
natemcmaster/DotNetCorePlugins,14,2,0,0,0,0,2,11,2
natemcmaster/LettuceEncrypt,14,2,0,0,0,0,2,11,2
nathanl/authority,13,0,0,0,0,0,4,10,1
naver/billboard.js,63,3,0,0,2,7,34,18,4
naver/pinpoint,17,0,0,0,0,1,8,9,2
necolas/react-native-web,49,7,1,0,14,4,14,10,5
nelmio/NelmioApiDocBundle,9,1,0,0,0,1,3,5,3
neo-project/neo,40,2,0,0,0,5,10,24,3
neo4j/neo4j,29,7,0,1,0,1,4,17,4
neo4jrb/activegraph,20,0,0,0,6,3,4,8,3
neoclide/coc.nvim,88,6,0,3,7,2,31,40,5
neomutt/neomutt,20,0,0,0,1,1,9,10,3
nesquena/rabl,19,3,1,0,0,8,6,2,4
nestjs/nest,126,3,0,1,11,7,68,37,5
netblue30/firejail,16,0,0,0,1,1,1,14,3
netbootxyz/netboot.xyz,20,2,0,2,1,0,2,14,4
netbox-community/netbox,59,7,1,6,1,3,9,33,6
netdata/netdata,124,2,1,0,1,15,40,66,5
netlify/netlify-cms,61,4,0,1,21,5,19,12,5
nette/php-generator,14,1,3,1,0,0,1,9,4
nette/tracy,14,1,3,1,0,0,1,9,4
nette/utils,14,1,3,1,0,0,1,9,4
neuecc/MessagePack-CSharp,15,0,0,0,5,1,2,8,3
neutralinojs/neutralinojs,33,1,0,15,2,0,5,11,4
newcontext-oss/kitchen-terraform,73,5,0,2,4,10,23,30,5
newrelic/newrelic-ruby-agent,50,5,1,0,0,3,20,22,4
nextcloud/nextcloud-snap,7,1,0,0,0,0,4,3,2
nextcloud/server,26,1,0,0,0,2,7,17,3
nfl/react-helmet,19,1,0,0,2,0,9,8,3
ng-alain/ng-alain,93,2,0,0,2,4,60,26,4
ng-bootstrap/ng-bootstrap,9,2,0,0,0,1,4,3,3
ng-packagr/ng-packagr,19,2,1,0,2,1,4,10,5
ng-select/ng-select,7,0,0,0,1,0,5,2,2
ngbp/ngbp,10,1,0,0,1,1,3,5,4
ngneat/spectator,32,0,0,0,9,3,17,4,3
ngneat/transloco,26,0,0,0,6,3,11,7,3
ngrx/platform,86,1,0,0,3,0,48,35,3
ngrx/store,14,0,0,0,3,0,7,5,2
ngx-formly/ngx-formly,56,0,0,0,2,7,11,37,3
ngx-rocket/generator-ngx-rocket,33,1,0,0,4,2,15,12,4
ngxs/store,84,0,0,2,13,1,30,39,4
nhaarman/ListViewAnimations,25,1,0,1,1,1,6,16,5
nhibernate/nhibernate-core,67,6,0,0,5,6,28,23,4
nhn/tui.calendar,58,4,4,1,5,1,16,28,6
nhn/tui.editor,59,4,4,1,5,1,17,28,6
nhn/tui.grid,60,4,4,1,5,1,18,28,6
nickgravelyn/UnityToolbag,10,1,0,0,0,4,1,5,3
nicoespeon/gitgraph.js,36,2,0,0,5,1,10,19,4
nicolargo/glances,46,2,0,0,5,1,10,29,4
nightwatchjs/nightwatch,32,2,0,0,0,3,9,19,3
nikersify/pico,47,0,0,0,9,3,17,19,3
nlohmann/json,36,2,0,0,0,7,13,15,3
nmap/nmap,23,1,0,0,1,3,7,12,4
nmathewson/libevent_obsolete,12,0,0,0,0,4,5,4,2
nock/nock,85,3,0,0,3,8,30,42,4
nodatime/nodatime,32,4,0,0,10,0,11,8,3
node-gh/gh,56,1,1,0,13,9,14,19,5
node-inspector/node-inspector,15,1,0,0,3,0,0,12,2
node-opcua/node-opcua,10,0,0,0,1,0,6,4,2
node-red/node-red,24,0,0,0,1,4,3,17,3
nodejs/node-gyp,8,0,0,0,0,0,3,6,1
nodejs/node,26,0,0,2,1,0,6,18,3
nodemailer/nodemailer,25,1,1,1,0,0,3,20,4
nodemcu/nodemcu-firmware,71,4,0,0,8,4,30,26,4
nodenv/nodenv,11,0,0,0,2,2,5,3,3
nojhan/liquidprompt,56,5,0,0,2,7,24,19,4
nolimits4web/swiper,24,5,1,0,0,2,11,6,4
nopSolutions/nopCommerce,6,1,1,0,0,0,1,4,3
notable/notable,16,2,0,2,0,1,0,12,3
notepad-plus-plus/notepad-plus-plus,119,2,0,0,0,48,12,58,3
nothings/stb,16,0,0,0,0,3,2,12,2
nrk/predis,14,0,0,1,0,2,2,10,3
nrwl/nx,101,1,0,1,22,5,39,34,5
nteract/nteract,75,1,0,0,16,3,34,22,4
ntop/nDPI,18,1,0,0,0,1,8,9,3
numba/numba,6,2,0,0,0,1,0,4,2
numenta/nupic,41,3,0,1,1,3,5,29,5
numpy/numpy,12,2,0,0,1,1,3,6,4
nunomaduro/collision,9,0,0,0,0,2,3,5,2
nunomaduro/larastan,23,1,0,0,1,2,14,6,4
nunomaduro/phpinsights,9,0,0,0,0,2,3,5,2
nuwave/lighthouse,117,2,0,0,6,32,21,57,4
nvbn/thefuck,24,3,0,0,3,3,4,12,4
nvdv/vprof,26,0,0,0,0,3,4,20,2
nvm-sh/nvm,12,0,0,0,0,3,4,6,2
nytimes/Store,17,3,0,1,1,3,7,3,5
oatpp/oatpp,22,2,0,4,0,2,2,13,4
oauth-xx/oauth2,11,3,0,0,1,1,5,2,4
oblac/jodd,21,2,0,1,0,2,9,8,4
oblador/react-native-vector-icons,15,3,0,0,5,0,2,6,3
octalmage/robotjs,4,0,0,0,0,2,2,1,2
octobercms/october,77,6,0,0,4,7,20,41,4
octobox/octobox,52,6,14,0,3,1,5,24,5
octokit/octokit.rb,14,4,0,0,0,4,5,2,3
odoo/odoo,7,0,0,0,0,0,1,7,1
oh-my-fish/oh-my-fish,41,1,0,0,0,15,6,20,3
ohld/igbot,29,4,0,0,1,2,6,17,4
ohmybash/oh-my-bash,50,8,0,0,0,1,11,31,3
ohmyzsh/ohmyzsh,51,8,0,0,0,1,11,32,3
okfn-brasil/serenata-de-amor,38,5,0,1,8,1,10,14,5
olive-editor/olive,14,0,0,2,0,6,0,7,2
oliver-moran/jimp,32,5,0,0,5,0,12,11,3
olivernn/lunr.js,11,1,0,0,0,2,6,3,3
onderceylan/pwa-asset-generator,52,1,0,0,11,5,26,10,4
oneapi-src/oneDNN,39,3,1,0,0,21,8,7,4
onivim/oni,50,1,1,2,0,0,10,37,4
onqtam/doctest,12,0,0,0,0,5,2,6,2
opal/opal,18,0,0,0,1,5,5,8,3
open-guides/og-aws,60,3,0,2,0,14,12,30,4
open-mmlab/mmdetection,28,5,0,0,0,8,8,8,3
open-mpi/ompi,37,4,0,2,0,9,9,14,4
open-source-parsers/jsoncpp,58,0,0,0,8,18,12,21,3
open62541/open62541,84,1,0,1,0,6,60,17,4
openMVG/openMVG,17,1,0,0,0,3,6,8,3
openai/gym,8,1,0,0,0,0,2,6,2
openai/retro,19,0,1,0,0,3,3,13,3
opencv/cvat,142,3,0,0,28,26,20,66,4
openemr/openemr,105,3,0,0,10,13,41,39,4
opengapps/opengapps,30,3,0,0,0,15,5,8,3
openimages/dataset,11,1,0,0,0,1,5,5,3
openlayers/openlayers,38,1,0,1,0,3,25,9,4
openservicebrokerapi/servicebroker,53,3,0,0,0,1,23,27,3
openshift/origin-server,87,3,0,9,1,9,21,45,5
openssl/openssl,19,3,0,0,0,3,9,5,3
openstf/minicap,15,3,0,0,0,2,5,6,3
openstreetmap/openstreetmap-website,42,0,0,0,1,10,20,12,3
openthread/openthread,54,6,0,0,6,3,27,13,4
opentk/opentk,108,8,0,0,2,16,40,43,4
opentoonz/opentoonz,30,6,0,0,5,2,8,10,4
opentrack/opentrack,6,1,0,0,0,0,2,4,2
openvenues/libpostal,22,0,0,0,0,1,4,18,2
openvinotoolkit/openvino,13,1,0,0,0,5,2,6,3
openzfs/zfs,136,6,1,1,2,12,51,64,6
opf/openproject,53,3,0,3,3,2,21,22,5
opnsense/core,31,0,0,0,1,1,3,27,3
optuna/optuna,82,2,1,0,3,6,27,44,5
oracle/docker-images,51,2,0,0,4,3,11,32,4
oracle/graal,2,0,0,0,0,0,0,3,0
oracle/opengrok,6,0,0,0,0,1,3,3,2
oracle/truffleruby,16,0,1,1,2,2,5,6,5
oracle/vagrant-projects,16,1,0,0,0,1,10,5,3
orbitalindex/awesome-space,11,3,0,0,0,2,1,6,3
orchestral/testbench,15,0,0,0,0,1,12,3,2
orientechnologies/orientdb,15,0,0,0,1,4,6,5,3
orizens/ngx-infinite-scroll,25,1,1,1,0,0,3,20,4
osm-search/Nominatim,46,2,1,0,0,15,8,21,4
osmc/osmc,9,1,0,0,1,0,2,6,3
osquery/osquery,70,5,0,1,0,6,22,37,4
oupala/apaxy,64,2,0,0,0,3,9,51,3
overtrue/wechat,25,1,1,1,0,0,3,20,4
owncloud/android,40,5,0,1,1,0,14,20,4
owncloud/client,18,0,0,0,0,0,2,17,1
owncloud/core,25,0,0,0,0,1,3,22,2
oznu/homebridge-config-ui-x,25,1,0,0,13,2,1,9,4
pact-foundation/pact-ruby,12,2,0,0,0,1,4,6,3
pagekit/pagekit,42,1,0,5,0,1,7,29,4
palantir/blueprint,28,6,0,0,6,4,5,8,4
panda3d/panda3d,11,0,0,1,0,0,7,4,2
pandas-dev/pandas,11,3,0,0,0,0,2,7,2
paparazzi/paparazzi,33,9,0,1,0,6,13,5,4
paper-trail-gem/paper_trail,56,3,0,0,1,3,24,26,4
papers-we-love/papers-we-love,17,0,0,0,0,2,9,7,2
paragonie/awesome-appsec,11,1,0,0,1,0,3,7,3
paralax/awesome-honeypots,10,1,0,0,0,1,2,7,3
parcel-bundler/parcel,49,3,0,0,5,3,12,27,4
parrot-translate/parrot,7,1,0,0,1,0,4,2,3
paularmstrong/normalizr,21,0,0,0,5,1,7,9,3
paulolramos/eslint-prettier-airbnb-react,8,1,0,0,0,1,3,4,3
pd4d10/octohint,7,0,0,0,1,0,0,7,1
peachpiecompiler/peachpie,23,1,0,0,0,3,15,5,3
pedronauck/reworm,7,2,0,0,1,0,2,3,3
pestphp/pest,26,1,0,0,1,2,16,7,4
petems/tugboat,16,2,0,0,3,1,9,2,4
pezy/CppPrimer,12,0,0,0,0,6,3,4,2
phalcon/cphalcon,33,1,0,3,0,0,6,24,3
phalcon/zephir,25,1,0,0,1,1,7,16,4
phan/phan,8,0,0,0,0,3,1,5,2
philc/vimium,60,1,0,0,9,18,11,22,4
phodal/awesome-iot,17,2,0,0,0,2,3,11,3
photonstorm/phaser,45,2,0,0,12,9,6,17,4
php-amqplib/php-amqplib,16,0,0,0,0,1,11,5,2
php-ds/ext-ds,10,0,0,0,0,0,5,6,1
php-telegram-bot/core,29,2,0,0,0,5,8,15,3
php-webdriver/php-webdriver,28,2,0,0,0,3,18,6,3
php/php-langspec,7,0,0,0,0,0,3,5,1
php/php-src,114,7,0,1,2,13,42,50,5
phpDocumentor/phpDocumentor,34,3,0,0,6,3,14,9,4
phpbrew/phpbrew,6,0,1,0,1,0,2,3,3
phpmd/phpmd,24,1,2,2,0,4,4,12,5
phpmyadmin/phpmyadmin,19,0,0,0,0,0,4,16,1
phpro/grumphp,11,0,0,0,0,4,6,2,2
phpspec/phpspec,13,0,0,0,0,5,7,2,2
phpspec/prophecy,7,1,0,0,0,0,5,2,2
phptodayorg/php-must-watch,7,0,0,0,0,0,1,7,1
phusion/baseimage-docker,3,0,0,1,1,0,1,1,3
phusion/juvia,61,2,0,0,0,3,18,39,3
phusion/passenger-docker,37,3,0,0,1,1,5,28,4
phusion/traveling-ruby,40,0,0,0,0,2,6,33,2
pi-hole/docker-pi-hole,6,0,0,0,0,0,6,1,1
pi-hole/pi-hole,25,4,0,1,0,2,6,13,4
picocms/Pico,86,2,0,0,3,5,31,46,4
pikapkg/snowpack,7,0,0,0,3,1,1,3,3
pimcore/pimcore,26,2,0,0,0,1,17,7,3
pingcap/docs-cn,76,4,1,0,3,2,26,41,5
pinojs/pino,14,5,0,0,0,0,2,8,2
piotrwitek/react-redux-typescript-guide,11,0,0,0,1,1,5,5,3
piotrwitek/typesafe-actions,5,0,0,0,1,0,1,4,2
piotrwitek/utility-types,5,0,0,0,1,0,1,4,2
pirate/ArchiveBox,18,4,0,0,3,0,5,7,3
pivotal/LicenseFinder,55,2,0,0,12,1,16,25,4
pivpn/pivpn,14,1,0,0,0,0,3,11,2
pixelfed/pixelfed,13,0,0,1,0,0,4,9,2
pixijs/pixi.js,33,4,0,0,3,5,10,12,4
platformio/platformio-core,15,3,0,0,4,1,6,2,4
playgameservices/play-games-plugin-for-unity,6,0,0,0,0,0,4,3,1
plotly/dash,60,3,0,0,5,14,21,18,4
plotly/plotly.js,103,2,0,0,16,17,32,37,4
pmd/pmd,24,0,0,2,2,4,3,14,4
pnp/PnP-PowerShell,39,0,1,0,5,10,6,18,4
pnp/sp-dev-fx-webparts,75,11,0,1,8,5,32,19,5
pnpm/pnpm,81,2,0,1,6,3,65,5,5
pockethub/PocketHub,15,1,0,0,1,0,6,8,3
polarphp/polarphp,21,2,0,1,0,0,9,10,3
polyaxon/polyaxon,49,6,3,1,1,5,11,23,6
polybar/polybar-scripts,7,0,0,0,1,3,0,4,2
pomber/code-surfer,14,1,0,0,2,5,2,5,4
portainer/portainer,37,2,1,0,0,0,22,13,3
postcss/autoprefixer,36,7,0,0,3,6,5,16,4
postcss/postcss,28,1,0,1,0,5,3,19,4
postmarketOS/pmbootstrap,20,0,0,0,0,6,4,11,2
postmodern/chruby,33,0,0,0,0,12,1,21,2
pote/gpm,3,2,0,0,0,0,0,2,1
poteto/hiring-without-whiteboards,21,0,0,0,0,1,5,16,2
pouchdb/pouchdb,80,4,1,2,16,2,26,30,6
ppy/osu,72,5,0,2,2,9,26,29,5
prajjwaldimri/GithubXamarin,29,2,0,1,0,3,3,21,4
prawnpdf/prawn,3,2,0,1,0,0,0,1,2
pre-commit/pre-commit,67,1,0,0,7,8,17,35,4
preactjs/preact,110,5,0,2,5,24,35,40,5
premake/premake-core,30,4,0,0,0,5,6,16,3
presidentbeef/brakeman,42,2,0,0,1,8,24,8,4
prettier/plugin-php,18,1,0,0,0,6,7,5,3
prettier/prettier,30,1,0,0,7,11,7,5,4
prettier/tslint-config-prettier,11,3,0,0,1,0,5,3,3
prevwong/craft.js,18,1,0,0,6,1,5,6,4
prime31/Nez,10,2,0,0,0,0,6,3,2
prisma-archive/chromeless,22,6,0,0,1,0,11,5,3
prisma-labs/graphql-playground,22,6,0,0,1,0,11,5,3
prisma/prisma-examples,34,3,1,0,3,3,3,22,5
prisma/prisma,57,2,0,0,5,6,19,26,4
probot/probot,38,6,0,0,2,1,20,10,4
processing/p5.js,4,0,0,0,0,0,2,3,1
processing/processing,12,0,1,0,0,1,0,11,2
projectNe10/Ne10,27,6,1,0,0,2,13,6,4
projectstorm/react-diagrams,8,1,0,0,0,0,6,2,2
protocolbuffers/protobuf,28,1,0,0,0,1,20,7,3
prusa3d/PrusaSlicer,15,0,0,0,0,3,1,12,2
psf/requests,16,0,0,1,0,1,0,15,2
pterodactyl/panel,20,0,0,1,0,4,8,8,3
ptmt/react-native-macos,124,9,2,2,1,26,34,51,6
public-apis/public-apis,33,2,0,0,2,4,9,17,4
publify/publify,19,3,0,0,0,0,6,11,2
puma/puma,56,2,1,1,9,1,24,19,6
puniverse/quasar,1,0,0,0,0,0,1,1,1
punker76/gong-wpf-dragdrop,47,2,0,0,6,3,10,27,4
puppeteer/puppeteer,161,3,0,0,8,27,69,55,4
puppetlabs/puppet,61,7,0,1,0,3,31,20,4
pure-css/pure,30,0,0,0,4,2,16,9,3
pushtorefresh/storio,6,0,0,0,1,0,2,4,2
pwittchen/ReactiveNetwork,12,1,0,1,0,1,4,6,4
pwndbg/pwndbg,20,3,0,2,0,0,4,12,3
pybind/pybind11,13,0,0,0,0,1,10,3,2
pymc-devs/pymc3,60,5,0,0,8,5,18,25,4
pypa/pipenv,69,4,0,2,4,4,20,36,5
pypa/virtualenv,3,1,0,0,1,0,0,2,2
pyro-ppl/pyro,43,1,0,0,5,6,21,11,4
pyrocms/pyrocms,17,1,0,0,0,3,4,10,3
pyston/pyston,21,1,2,1,0,4,7,7,5
python-pillow/Pillow,23,1,0,0,0,1,10,12,3
python-poetry/poetry,63,0,0,0,3,2,12,47,3
python-visualization/folium,58,7,0,0,5,4,21,22,4
python/mypy,53,6,0,2,0,4,17,25,4
pythonnet/pythonnet,27,6,0,0,0,0,16,6,2
pytorch/QNNPACK,19,2,0,0,0,0,9,9,2
pytorch/fairseq,16,2,0,0,0,0,10,5,2
pytorch/glow,32,1,0,0,0,2,10,20,3
pytorch/ignite,45,2,1,0,1,7,15,20,5
pytorch/pytorch,313,14,0,0,54,58,69,119,4
q2a/question2answer,22,1,0,0,0,12,1,9,3
qTox/qTox,171,11,0,1,5,3,100,52,5
qbittorrent/qBittorrent,127,1,0,0,13,3,11,100,4
qgis/QGIS,9,0,0,0,0,1,2,7,2
qmk/qmk_firmware,100,6,0,3,4,13,28,47,5
qrohlf/trianglify,12,3,0,0,1,0,3,6,3
quantumblacklabs/kedro,118,9,2,1,8,12,49,38,6
quarkusio/quarkus,140,6,0,1,36,15,36,47,5
quartznet/quartznet,34,2,0,0,1,0,12,20,3
quasar/Quasar,14,3,0,0,0,0,10,2,2
quicwg/base-drafts,73,15,0,0,0,4,6,49,3
quilljs/quill,44,1,0,1,0,2,14,27,4
rabbitmq/rabbitmq-dotnet-client,42,5,0,1,0,1,10,26,4
rack/rack-attack,14,1,1,0,0,3,1,9,4
rack/rack-contrib,21,1,0,0,0,4,5,12,3
rack/rack,53,8,0,0,4,0,29,13,3
radareorg/radare2,81,4,0,0,2,6,32,38,4
raghakot/keras-vis,9,0,0,0,1,3,6,0,3
rails-api/active_model_serializers,38,0,0,0,1,2,16,20,3
rails-api/rails-api,7,2,0,0,0,0,1,5,2
rails/activeresource,37,7,0,0,2,0,19,10,3
rails/jbuilder,37,8,0,0,2,0,18,10,3
rails/jquery-rails,50,7,0,0,4,3,25,12,4
rails/rails,25,2,2,1,0,1,4,16,5
rails/webpacker,13,1,0,0,4,5,4,0,4
railsbridge/docs,34,8,0,0,3,0,11,13,3
railsware/upterm,22,0,0,0,6,1,6,10,3
ramda/ramda,10,3,0,0,0,2,5,1,3
ranger/ranger,8,0,0,0,1,0,0,8,1
rangle/augury,91,6,0,4,15,8,14,45,5
raphw/byte-buddy,2,1,0,0,0,0,1,1,2
rapid7/metasploit-framework,59,4,1,0,1,7,22,25,5
rapidsai/cudf,120,6,1,0,25,19,23,47,5
rappasoft/laravel-boilerplate,26,4,0,1,0,1,6,15,4
rasa/vmware-tools-patches,40,1,0,0,5,1,10,24,4
rasbt/mlxtend,151,13,0,0,14,4,50,71,4
rastating/wordpress-exploit-framework,16,1,0,0,4,3,7,2,4
rathena/rathena,67,4,0,0,0,1,13,50,3
ravendb/ravendb,58,1,0,33,0,0,8,17,3
rawgraphs/raw,23,1,0,0,0,3,7,13,3
raysan5/raylib,97,3,0,2,4,13,15,61,5
reach/reach-ui,32,0,0,1,12,6,7,7,4
react-boilerplate/react-boilerplate,60,2,0,0,5,1,16,37,4
react-bootstrap/react-bootstrap,46,1,0,0,1,11,15,19,4
react-cosmos/react-cosmos,55,1,1,0,6,9,15,24,5
react-hook-form/react-hook-form,25,4,1,0,5,3,9,4,5
react-native-community/cli,71,3,0,0,14,7,34,14,4
react-native-community/lottie-react-native,31,1,0,0,12,2,9,8,4
react-native-community/react-native-camera,5,0,1,1,0,0,0,4,2
react-native-community/react-native-device-info,21,2,0,0,2,0,10,8,3
react-native-community/react-native-image-picker,36,2,0,0,2,5,23,5,4
react-native-community/react-native-modal,40,2,0,0,6,5,22,6,4
react-native-community/react-native-svg,42,3,0,0,4,5,25,6,4
react-native-community/react-native-webview,36,2,0,0,12,1,7,15,4
react-native-elements/react-native-elements,23,2,0,0,4,1,11,6,4
react-navigation/react-navigation,102,10,1,30,7,10,30,15,6
react-page/react-page,40,2,0,0,5,5,10,19,4
react-static/react-static,23,1,1,1,10,4,3,4,6
reactive-streams/reactive-streams-jvm,47,3,1,0,0,3,26,15,4
reactiveui/ReactiveUI,79,5,0,0,9,3,30,33,4
reactiveui/splat,68,3,0,0,2,2,31,31,4
reactos/reactos,49,1,1,1,0,1,19,27,5
reactstrap/reactstrap,23,4,1,0,0,0,8,11,3
reakit/reakit,56,6,1,2,8,8,10,22,6
real-logic/aeron,22,1,0,0,0,1,10,11,3
realm/jazzy,20,0,0,1,1,4,12,3,4
realm/realm-dotnet,17,1,0,0,0,0,4,13,2
realm/realm-java,93,2,0,0,1,31,27,33,4
rebus-org/Rebus,16,4,0,0,0,0,7,6,2
recastnavigation/recastnavigation,110,8,0,2,3,2,47,49,5
recharts/recharts,31,3,0,0,0,9,9,11,3
redisson/redisson,10,0,0,0,3,2,4,2,3
redmine/redmine,3,1,0,0,0,0,0,3,1
redux-form/redux-form,21,1,0,0,1,0,10,10,3
redux-observable/redux-observable,80,5,1,0,20,8,19,28,5
redux-saga/redux-saga,19,2,1,1,6,1,3,6,6
reduxframework/redux-framework,12,0,0,0,0,4,0,9,1
reduxjs/react-redux,33,5,1,0,5,5,8,10,5
reduxjs/redux-toolkit,30,5,1,1,4,4,9,7,6
reduxjs/redux,51,4,1,1,6,7,13,20,6
refile/refile,13,0,0,0,0,0,6,8,1
refinery/refinerycms,16,1,0,0,0,3,7,6,3
relativty/Relativ,33,1,0,15,2,0,5,11,4
rembo10/headphones,37,1,0,0,0,16,5,16,3
remi/her,18,3,0,0,1,6,4,5,4
remoteintech/remote-jobs,10,0,0,0,0,0,4,7,1
remy/nodemon,18,1,0,0,1,2,9,6,4
renatomarinho/laravel-page-speed,13,0,0,0,0,1,9,4,2
renovatebot/renovate,16,3,0,0,0,1,2,11,3
reportportal/reportportal,16,0,0,0,0,0,5,12,1
requery/requery,4,0,0,0,0,1,2,2,2
request/request,30,5,0,0,0,1,9,16,3
resque/resque,33,4,0,0,0,2,7,21,3
restify/node-restify,23,0,1,0,2,0,9,12,3
restsharp/RestSharp,13,1,0,1,1,1,8,2,5
retejs/rete,28,1,1,1,0,0,4,22,4
rethinkdb/horizon,12,4,0,0,1,1,1,6,4
rethinkdb/rethinkdb,25,0,4,0,0,0,2,20,2
rethinkdb/rethinkdb_rebirth,13,3,0,0,2,2,1,6,4
retorquere/zotero-better-bibtex,28,2,0,0,7,5,8,7,4
rgeo/rgeo,23,1,0,0,5,3,6,9,4
rgommezz/react-native-scroll-bottom-sheet,90,17,0,31,1,10,21,11,5
rhomobile/rhodes,14,1,0,0,0,0,7,7,2
rinvex/countries,22,0,0,0,0,3,7,13,2
ritiek/spotify-downloader,18,3,1,0,0,0,3,12,3
rjsf-team/react-jsonschema-form,23,0,0,0,7,3,5,9,3
rmosolgo/graphql-ruby,13,0,0,0,0,2,1,11,2
robolectric/robolectric,27,3,0,0,5,7,9,4,4
robotmedia/RMStore,11,2,0,0,0,0,4,6,2
rocker-org/rocker,18,0,0,0,0,1,2,16,2
rocketeers/rocketeer,20,0,0,0,2,1,11,7,3
roidrage/lograge,23,0,0,0,0,1,11,12,2
rolling-scopes/rsschool-app,80,5,0,0,13,14,34,15,4
rollup/rollup,26,1,1,1,0,0,4,20,4
rom-rb/rom,16,0,0,1,0,2,1,13,3
romefrontend/rome,54,3,0,1,11,9,9,22,5
root-project/root,14,0,0,0,1,2,8,4,3
rotorgames/Rg.Plugins.Popup,7,1,1,0,3,0,1,2,4
router5/router5,16,0,0,2,1,0,6,8,3
rsms/inter,87,1,0,0,5,13,20,49,4
rspamd/rspamd,67,2,0,7,2,4,10,43,5
rspec/rspec-core,19,1,1,0,0,0,2,16,3
rspec/rspec-expectations,19,1,1,0,0,0,2,16,3
rspec/rspec-mocks,19,1,1,0,0,0,2,16,3
rspec/rspec-rails,30,1,1,0,1,3,5,20,5
rstudio/rstudio,23,3,0,2,1,0,0,18,3
rsuite/rsuite,20,3,0,0,3,0,6,9,3
rswag/rswag,33,2,0,0,3,2,9,18,4
rsyslog/rsyslog,57,5,2,1,1,6,27,16,6
rtfpessoa/diff2html,23,1,0,0,0,3,13,7,3
rubberduck-vba/Rubberduck,43,2,2,0,0,3,1,36,4
rubinius/rubinius,63,0,0,2,4,12,5,41,4
rubocop-hq/rubocop,37,7,0,0,0,4,11,16,3
ruboto/ruboto,20,3,0,1,0,1,4,12,4
ruby-amqp/bunny,44,2,0,0,8,5,18,12,4
ruby-concurrency/concurrent-ruby,51,7,1,1,4,6,22,11,6
ruby-git/ruby-git,56,4,0,0,0,2,28,23,3
ruby-grape/grape-swagger,45,8,0,0,3,1,24,10,4
ruby-grape/grape,46,8,0,0,3,1,25,10,4
ruby-json-schema/json-schema,3,1,0,0,0,1,1,1,3
rubygems/rubygems.org,92,5,0,0,26,12,21,29,4
rubygems/rubygems,71,4,0,0,4,4,17,43,4
rubyide/vscode-ruby,15,5,0,0,4,1,4,2,4
rubysec/ruby-advisory-db,35,1,0,0,1,8,2,24,4
rubysherpas/forem,31,3,0,0,0,9,9,11,3
rubysherpas/paranoia,15,3,0,0,0,0,4,9,2
runelite/runelite,58,6,0,0,5,3,25,20,4
runtimejs/runtime,21,3,2,0,1,4,4,8,5
rust-lang-nursery/rust-cookbook,86,0,1,0,12,11,7,56,4
rust-lang/rust-bindgen,194,3,1,0,9,21,67,94,5
rust-lang/vscode-rust,24,0,0,0,10,5,3,7,3
rusty1s/pytorch_geometric,32,2,0,0,5,1,17,8,4
rvm/rvm,32,2,0,0,5,6,8,12,4
rwaldron/johnny-five,41,5,0,0,1,2,7,27,4
rwv/chinese-dos-games,17,0,0,0,0,0,1,17,1
ryanb/cancan,5,0,0,1,0,0,1,4,2
ryanb/nested_form,5,0,0,0,0,0,1,5,1
s-panferov/awesome-typescript-loader,35,1,0,0,0,0,30,5,2
sabre-io/dav,39,1,1,2,0,13,10,13,5
saleem-hadad/larecipe,20,4,0,0,0,1,6,10,3
salesagility/SuiteCRM,33,1,0,0,1,0,12,20,3
saltstack/salt,23,1,0,0,0,0,6,17,2
samber/awesome-prometheus-alerts,16,0,0,0,4,0,4,9,2
sameersbn/docker-gitlab,3,0,0,0,0,3,0,1,1
samuelcolvin/pydantic,21,2,0,0,2,3,6,9,4
sass/libsass,34,0,1,0,1,3,5,25,4
sass/node-sass,27,4,0,0,3,0,4,17,3
sass/sass,64,4,0,0,0,7,11,43,3
satwikkansal/wtfpython,8,2,0,0,0,1,2,4,3
saulpw/visidata,47,1,0,0,2,1,5,39,4
savonrb/savon,16,3,0,0,0,0,7,7,2
sb2nov/mac-setup,7,0,0,0,3,0,3,2,2
scenic-views/scenic,9,2,0,0,1,0,3,4,3
schmittjoh/metadata,16,0,0,0,0,4,6,7,2
schmittjoh/serializer,29,0,1,0,2,5,10,12,4
scikit-learn-contrib/imbalanced-learn,49,6,0,0,3,6,12,23,4
scikit-learn/scikit-learn,12,1,0,0,0,2,0,10,2
scop/bash-completion,41,0,0,0,1,17,7,17,3
scottjehl/picturefill,44,3,0,2,4,2,17,17,5
scribbletune/scribbletune,41,0,0,0,1,0,6,35,2
scriptcs/scriptcs,37,2,1,1,0,7,6,21,5
scullyio/scully,103,2,0,0,1,0,60,41,3
scummvm/scummvm,6,0,0,0,0,1,2,4,2
scylladb/scylla,5,1,0,1,0,0,0,4,2
scylladb/seastar,5,1,0,1,0,0,0,4,2
sdelements/lets-chat,35,1,0,1,0,0,4,30,3
sds/overcommit,26,2,0,1,0,6,9,9,4
seL4/seL4,19,0,0,1,0,2,10,7,3
sebastianbergmann/phpunit,31,4,0,0,2,1,16,9,4
secdev/scapy,54,1,0,0,0,24,8,22,3
segmentio/evergreen,28,3,1,0,1,4,9,11,5
select2/select2,74,0,0,3,9,3,20,40,4
semantic-release/semantic-release,128,4,0,0,6,14,63,42,4
sendgrid/sendgrid-csharp,80,3,2,2,15,7,23,29,6
sendgrid/sendgrid-php,87,3,2,2,16,9,25,31,6
sensepost/objection,15,0,0,0,2,5,1,8,3
sensu/sensu,8,2,0,0,0,0,3,4,2
sequelize/sequelize,78,2,0,0,9,9,28,31,4
serbanghita/Mobile-Detect,32,3,0,0,5,0,17,8,3
sergeche/emmet-sublime,4,0,0,0,0,0,2,3,1
serilog/serilog,37,5,2,3,3,1,5,19,6
serverless/serverless,54,6,0,1,4,8,8,28,5
sestoft/C5,40,2,0,1,3,2,7,26,5
sferik/rails_admin,33,3,1,0,2,2,12,14,5
sferik/t,24,3,1,0,1,1,7,12,5
sferik/twitter,25,5,0,0,1,1,8,11,4
sfzhang15/RefineDet,17,0,0,0,0,0,6,12,1
shadowsocksr-backup/shadowsocksr,9,1,0,0,0,1,3,5,3
shakacode/react_on_rails,108,4,0,0,31,18,28,28,4
shanalikhan/code-settings-sync,36,0,1,1,5,0,8,22,4
sharetribe/sharetribe,28,5,0,0,0,1,10,13,3
shelljs/shelljs,11,0,0,0,1,0,4,7,2
sherlock-project/sherlock,11,0,1,0,0,2,4,5,3
shipshapecode/shepherd,21,3,0,0,6,1,8,4,4
shipshapecode/tether,21,3,0,0,6,1,8,4,4
shivammathur/setup-php,28,3,0,0,4,1,9,12,4
shoelace-style/shoelace,78,0,3,2,1,18,7,48,5
shoes/shoes4,9,1,0,1,0,0,5,3,3
shopware/shopware,9,0,0,0,0,0,4,6,1
shouldly/shouldly,9,3,0,0,1,0,1,5,3
shrinerb/shrine,19,0,0,0,0,3,4,13,2
shutterstock/rickshaw,14,0,0,0,0,1,3,11,2
siemens/jailhouse,70,2,0,1,0,7,29,32,4
signalapp/Signal-Android,58,1,0,3,1,4,10,40,5
signalapp/Signal-Desktop,99,3,0,1,32,6,30,28,5
silentbicycle/greatest,23,0,0,0,1,1,5,17,3
simbody/simbody,185,8,1,0,1,100,24,52,5
simdjson/simdjson,46,5,0,1,0,14,9,18,4
simonwhitaker/gibo,5,0,0,0,1,0,3,2,2
simplcommerce/SimplCommerce,5,0,0,0,0,1,2,3,2
sinatra/sinatra,24,2,1,0,0,1,6,15,4
sindresorhus/refined-github,35,3,0,0,10,6,3,14,4
sindresorhus/type-fest,16,0,0,0,0,1,10,6,2
sintaxi/harp,12,2,0,0,0,0,5,6,2
sivel/speedtest-cli,24,0,0,0,0,10,9,6,2
skvark/opencv-python,9,5,0,0,0,0,1,4,2
skycocker/chromebrew,58,3,0,0,8,4,29,15,4
skylot/jadx,18,1,0,1,1,3,5,8,5
skypjack/entt,7,1,0,0,0,0,1,6,2
slack-ruby/slack-ruby-bot,53,8,0,0,5,1,26,14,4
slack-ruby/slack-ruby-client,71,9,2,0,7,5,31,18,5
slacka/WoeUSB,52,1,0,0,0,19,12,21,3
slackapi/bolt-js,33,6,2,0,0,0,14,12,3
slackapi/node-slack-sdk,33,6,2,0,0,0,14,12,3
slackapi/python-slackclient,33,6,2,0,0,0,14,12,3
slic3r/Slic3r,45,6,0,2,0,6,7,25,4
slimphp/Slim-Skeleton,7,2,0,0,0,2,3,1,3
slimphp/Slim,10,2,0,0,0,1,6,2,3
sloria/doitlive,13,0,0,0,2,2,5,5,3
smogon/pokemon-showdown,98,1,1,4,2,33,26,32,6
snabbdom/snabbdom,14,0,0,0,2,0,7,6,2
snapappointments/bootstrap-select,51,1,0,0,5,2,10,34,4
snorkel-team/snorkel,42,1,0,0,4,6,19,13,4
snozbot/fungus,15,4,0,0,0,0,10,2,2
snyk/snyk,28,0,0,0,1,3,22,3,3
sobolevn/git-secret,111,5,1,0,13,13,38,42,5
sofastack/sofa-boot,12,1,0,0,0,7,3,2,3
sofastack/sofa-jarslink,14,1,0,0,0,6,6,2,3
soimort/you-get,14,0,0,0,0,0,9,6,1
solidusio/solidus,42,2,0,1,0,2,16,22,4
solnic/virtus,8,3,0,0,0,0,2,4,2
solvespace/solvespace,96,0,0,0,8,32,7,50,3
sorbet/sorbet,35,2,0,1,0,3,18,12,4
sorin-ionescu/prezto,32,4,0,0,2,12,6,9,4
source-foundry/Hack,50,1,0,1,3,2,25,19,5
sovereign/sovereign,36,0,0,0,2,9,13,13,3
sparklemotion/nokogiri,15,0,0,0,0,0,3,13,1
spatie/async,26,4,0,1,0,1,6,15,4
spatie/browsershot,13,0,0,0,0,1,9,4,2
spatie/crawler,13,0,0,0,0,1,9,4,2
spatie/image-optimizer,26,4,0,1,0,1,6,15,4
spatie/laravel-activitylog,26,4,0,1,0,1,6,15,4
spatie/laravel-analytics,26,4,0,1,0,1,6,15,4
spatie/laravel-backup,13,0,0,0,0,1,9,4,2
spatie/laravel-fractal,13,0,0,0,0,1,9,4,2
spatie/laravel-medialibrary,9,0,0,0,0,1,6,3,2
spatie/laravel-newsletter,13,0,0,0,0,1,9,4,2
spatie/laravel-permission,13,0,0,0,0,1,9,4,2
spatie/laravel-query-builder,26,4,0,1,0,1,6,15,4
spatie/laravel-responsecache,13,0,0,0,0,1,9,4,2
spatie/laravel-sitemap,26,4,0,1,0,1,6,15,4
spatie/laravel-translatable,26,4,0,1,0,1,6,15,4
splitrb/split,36,6,5,0,3,1,2,20,5
spockframework/spock,66,3,1,3,13,8,12,27,6
spotify/backstage,41,2,1,1,0,2,4,32,5
spotify/docker-gc,11,0,0,0,0,1,1,10,2
spotify/docker-maven-plugin,12,1,0,0,0,1,1,10,3
spree/spree,30,4,0,0,2,12,10,3,4
spring-cloud/spring-cloud-gateway,15,1,0,1,0,6,6,2,4
spring-cloud/spring-cloud-netflix,15,1,0,1,0,6,6,2,4
springfox/springfox,23,1,0,0,0,0,15,8,2
spulec/moto,33,1,0,0,1,4,15,13,4
spyder-ide/spyder,117,6,0,2,21,7,39,43,5
sqlmapproject/sqlmap,21,0,0,2,0,2,8,10,3
square/android-times-square,3,1,0,0,0,1,1,1,3
square/dagger,7,1,0,0,0,2,4,1,3
square/flow,3,1,0,0,0,1,1,1,3
square/javapoet,3,1,0,0,0,1,1,1,3
square/moshi,3,1,0,0,0,1,1,1,3
square/okhttp,9,2,0,0,0,2,3,3,3
square/otto,3,1,0,0,0,1,1,1,3
square/picasso,3,1,0,0,0,1,1,1,3
square/sqlbrite,3,1,0,0,0,1,1,1,3
square/tape,3,1,0,0,0,1,1,1,3
square/workflow,3,1,0,0,0,1,1,1,3
squidfunk/mkdocs-material,21,1,0,0,0,0,7,14,2
squizlabs/PHP_CodeSniffer,5,1,0,0,0,2,2,1,3
srdja/Collections-C,24,3,0,0,9,2,6,5,4
sschmid/Entitas-CSharp,19,2,0,0,3,1,9,5,4
sstalle/php7cc,31,2,0,0,0,7,12,11,3
staltz/xstream,33,7,0,1,2,2,4,18,5
stanfordnlp/CoreNLP,9,0,0,0,0,0,7,3,1
stanfordnlp/stanza,11,5,0,0,0,0,1,6,2
steemit/steem,16,1,0,0,0,1,2,13,3
stefanzweifel/laravel-stats,26,4,0,1,0,1,6,15,4
stellar/stellar-core,87,2,0,0,4,13,33,36,4
stephane/libmodbus,9,0,0,0,0,1,2,7,2
stewartmcgown/uds,24,2,0,0,0,4,5,14,3
stilliard/docker-pure-ftpd,11,2,0,1,0,0,6,3,3
stlink-org/stlink,32,2,0,0,1,9,7,14,4
stm32duino/Arduino_Core_STM32,47,0,0,0,0,4,24,20,2
stoplightio/prism,41,3,0,0,8,5,10,16,4
storybookjs/storybook,199,11,0,0,40,17,59,73,4
strapi/strapi,88,12,0,1,18,4,18,36,5
streamaserver/streama,30,0,0,0,7,1,2,21,3
streamich/react-use,29,2,0,0,6,3,11,8,4
streamlink/streamlink,43,2,0,0,5,2,11,24,4
streamlit/streamlit,3,0,0,0,0,0,0,4,0
stride3d/stride,13,2,2,0,0,2,5,3,4
strongloop/loopback-next,29,2,0,1,2,1,5,19,5
stryker-mutator/stryker,74,3,0,1,9,11,17,34,5
stsrki/Blazorise,30,6,0,0,7,1,12,5,4
styfle/packagephobia,29,2,0,0,7,0,10,11,3
styled-components/styled-components,87,8,2,3,8,11,19,37,6
styleguidist/react-styleguidist,46,4,0,1,14,7,7,14,5
stylus/stylus,71,6,0,2,4,2,16,42,5
subsurface/subsurface,35,0,1,1,1,3,11,19,5
summerblue/phphub,22,0,0,0,0,5,5,13,2
sveltejs/svelte,78,9,1,0,5,5,32,27,5
swaywm/sway,66,4,0,0,3,29,16,15,4
swaywm/wlroots,90,4,0,0,3,45,16,23,4
swoft-cloud/swoft,42,7,0,0,1,4,11,20,4
symfony/symfony,11,0,0,0,0,2,2,8,2
sympy/sympy,2,0,1,1,0,0,0,1,2
syndbg/goenv,29,2,0,0,4,0,10,14,3
syslog-ng/syslog-ng,75,4,1,0,0,5,29,37,4
system-ui/theme-ui,17,1,0,0,7,0,7,3,3
systemd/systemd,25,0,0,1,0,1,6,18,3
syuilo/misskey,125,0,0,0,0,26,15,85,2
szokodiakos/typegoose,21,1,0,0,0,2,9,10,3
tModLoader/tModLoader,27,2,0,0,1,7,4,14,4
taigaio/taiga-back,54,5,0,1,1,0,11,37,4
tannerlinsley/react-query,59,4,0,1,5,1,41,8,5
tannerlinsley/react-table,59,4,0,1,5,1,41,8,5
taosdata/TDengine,7,2,0,0,0,0,2,4,2
tastejs/todomvc,34,1,0,0,1,5,8,20,4
tastyigniter/TastyIgniter,50,8,0,0,3,5,11,24,4
tboox/tbox,45,1,0,0,0,4,7,34,3
teambit/bit,61,2,0,1,17,4,22,16,5
teamcapybara/capybara,17,0,0,0,0,0,6,12,1
teampoltergeist/poltergeist,15,0,0,0,2,2,7,5,3
teamserverless/k8s-on-raspbian,12,0,0,0,0,0,6,7,1
tectonic-typesetting/tectonic,9,0,0,0,0,0,4,6,1
tekezo/Karabiner,13,0,0,0,1,0,0,13,1
telegramdesktop/tdesktop,60,4,0,0,4,7,25,21,4
telerik/UI-For-UWP,71,2,0,1,0,23,9,37,4
tensorflow/cleverhans,8,1,0,0,0,1,4,3,3
tensorflow/minigo,9,0,0,0,0,2,5,3,2
tensorflow/nmt,6,0,0,0,0,0,4,3,1
tensorflow/playground,6,0,0,0,0,0,4,3,1
tensorflow/tensor2tensor,11,0,0,0,0,0,6,6,1
tensorflow/tensorboard,11,2,0,0,0,0,8,2,2
tensorflow/tensorflow,73,2,1,0,1,13,37,20,5
tensorflow/tfjs-core,12,0,0,0,0,2,7,4,2
tensorflow/tfjs-models,8,0,0,2,0,0,5,2,2
tensorflow/tfjs,23,2,0,1,0,2,12,7,4
tensorforce/tensorforce,11,1,0,0,0,8,1,2,3
tensorlayer/tensorlayer,92,4,0,0,6,20,16,47,4
termux/termux-packages,58,1,0,0,7,6,15,30,4
ternjs/tern,14,2,1,0,0,0,3,9,3
tesseract-ocr/tesseract,43,1,0,0,3,2,7,31,4
test-kitchen/test-kitchen,11,0,0,0,1,1,6,4,3
testcontainers/testcontainers-java,6,1,0,0,0,0,0,6,1
testing-library/react-testing-library,16,2,0,0,4,1,4,6,4
textAngular/textAngular,88,3,0,0,2,3,55,26,4
textlint/textlint,169,11,2,0,22,19,68,48,5
tflearn/tflearn,8,0,0,0,0,1,1,7,2
thangchung/awesome-dotnet-core,11,0,0,0,1,0,4,7,2
the-benchmarker/web-frameworks,13,0,0,0,0,1,2,11,2
the-tcpdump-group/libpcap,9,0,0,1,0,1,0,8,2
thecodingmachine/safe,18,0,0,0,2,7,3,7,3
theforeman/foreman,4,1,0,0,0,0,2,2,2
theintern/intern,90,4,0,0,7,10,33,37,4
thekompanee/fuubar,23,2,1,0,0,1,7,13,4
thephpleague/climate,13,0,0,0,0,1,9,4,2
thephpleague/color-extractor,13,0,0,0,0,1,9,4,2
thephpleague/commonmark,18,0,0,0,0,2,8,9,2
thephpleague/csv,22,0,0,0,0,0,10,13,1
thephpleague/fractal,13,0,0,0,0,1,9,4,2
thephpleague/geotools,8,0,0,0,0,2,2,5,2
thephpleague/html-to-markdown,13,0,0,0,0,1,9,4,2
thephpleague/oauth2-client,16,0,0,0,0,2,11,4,2
thephpleague/oauth2-server,6,0,0,0,0,0,4,3,1
thephpleague/plates,13,0,0,0,0,1,9,4,2
thephpleague/skeleton,13,0,0,0,0,1,9,4,2
thepirat000/Audit.NET,25,1,1,1,0,0,3,20,4
thi-ng/umbrella,186,13,1,1,7,55,39,71,6
thiagoalessio/tesseract-ocr-for-php,28,0,0,0,3,5,7,14,3
thibmaek/awesome-raspberry-pi,25,4,0,0,1,1,9,11,4
thomasdondorf/puppeteer-cluster,56,2,0,0,4,6,28,17,4
thoughtbot/administrate,60,5,0,0,5,3,12,36,4
thoughtbot/appraisal,19,2,0,0,0,8,6,4,3
thoughtbot/bourbon,41,1,0,0,2,10,7,22,4
thoughtbot/capybara-webkit,24,2,0,0,3,8,6,6,4
thoughtbot/clearance,11,2,0,0,1,1,5,3,4
thoughtbot/factory_bot,42,2,1,1,0,3,16,20,5
thoughtbot/factory_bot_rails,15,2,0,0,1,1,6,6,4
thoughtbot/gitsh,64,3,1,0,7,10,17,27,5
thoughtbot/griddler,21,3,0,0,0,9,6,4,3
thoughtbot/high_voltage,18,2,0,0,0,8,6,3,3
thoughtbot/neat,30,2,1,0,2,8,11,7,5
thoughtbot/paperclip,34,3,0,0,0,9,18,5,3
thoughtbot/parity,13,2,0,0,1,1,6,4,4
thoughtbot/shoulda-matchers,70,9,0,0,2,14,27,19,4
thoughtbot/suspenders,20,1,0,0,2,1,8,9,4
threat9/routersploit,23,1,0,0,0,1,7,15,3
thrust/thrust,200,18,1,0,8,21,75,78,5
thumbor/thumbor,40,7,0,0,8,3,13,10,4
tiangolo/full-stack-fastapi-postgresql,36,1,0,0,4,5,12,15,4
tightenco/ziggy,22,3,0,0,0,2,6,12,3
timber/timber,130,3,1,1,1,44,10,71,6
timescale/timescaledb,39,5,0,0,4,2,23,6,4
timmywil/panzoom,44,2,0,0,5,10,16,12,4
tinacms/tinacms,42,0,0,0,7,5,10,21,3
tinfoil/devise-two-factor,18,3,0,0,0,8,6,2,3
tiny-dnn/tiny-dnn,30,4,0,0,0,13,6,8,3
tinymce/tinymce,85,6,1,0,19,13,30,17,5
tizonia/tizonia-openmax-il,46,1,3,2,3,1,2,35,6
tj/commander.js,23,0,0,0,0,3,8,13,2
tj/git-extras,14,0,0,0,1,2,6,6,3
tj/n,9,1,0,1,0,0,2,6,3
tldr-pages/tldr,55,1,0,0,0,6,17,32,3
tmux-python/tmuxp,10,1,0,1,2,0,5,2,4
tmux/tmux,30,0,0,0,2,2,8,19,3
todotxt/todo.txt-cli,56,4,4,2,1,3,5,38,6
tomastrajan/angular-ngrx-material-starter,43,6,0,0,1,4,23,10,4
tomav/docker-mailserver,16,3,0,0,0,5,8,1,3
tonaljs/tonal,23,0,1,0,7,4,6,6,4
tootsuite/mastodon,21,1,0,0,0,1,5,15,3
torch/torch7,36,1,0,0,5,1,13,17,4
tqdm/tqdm,161,6,3,1,11,18,58,65,6
traccar/traccar,27,3,0,1,0,0,3,21,3
tradingview/lightweight-charts,32,1,0,0,0,0,10,22,2
traduora/traduora,35,4,0,0,2,1,14,15,4
trailblazer/roar,15,1,0,1,0,0,5,9,3
trailblazer/trailblazer,93,10,1,1,3,6,30,43,6
trailofbits/algo,8,0,0,0,1,0,2,6,2
transloadit/uppy,80,3,2,0,18,15,9,34,5
travis-ci/dpl,126,4,0,0,7,28,46,42,4
trekhleb/javascript-algorithms,11,1,0,0,0,0,3,8,2
trimstray/htrace.sh,23,0,0,0,0,3,7,14,2
trimstray/multitor,23,0,0,0,0,3,7,14,2
trimstray/nginx-admins-handbook,14,0,0,0,0,1,5,9,2
trimstray/sandmap,23,0,0,0,0,3,7,14,2
troessner/reek,58,6,0,0,1,5,22,25,4
trojan-gfw/trojan,8,0,0,0,0,0,2,7,1
tronprotocol/java-tron,36,5,0,0,0,3,13,16,3
trufflesuite/truffle,26,0,0,0,5,9,1,12,3
tuguangquan/mybatis,40,5,0,0,0,0,17,19,2
tvheadend/tvheadend,26,8,0,2,0,0,9,8,3
twbs/bootstrap-sass,30,0,0,0,1,2,6,22,3
twbs/bootstrap,83,2,1,0,5,8,17,51,5
twilio/twilio-php,76,5,0,0,6,4,24,38,4
twilio/twilio-ruby,64,5,0,0,0,3,22,35,3
twisted/twisted,13,0,0,0,0,0,5,9,1
twitter/fatcache,23,1,0,0,1,1,8,13,4
twitter/twurl,19,5,0,0,1,1,10,3,4
twitter/typeahead.js,33,1,0,0,6,1,12,14,4
twosigma/beakerx,16,0,0,0,1,0,9,7,2
tymondesigns/jwt-auth,20,4,0,1,0,0,3,13,3
typekit/webfontloader,23,0,0,0,5,3,10,6,3
typeorm/typeorm,106,4,0,0,2,1,62,38,4
typescript-cheatsheets/react-typescript-cheatsheet,7,1,0,0,0,3,1,3,3
typescript-eslint/typescript-eslint,59,4,0,0,9,3,23,21,4
typestyle/typestyle,8,0,0,0,3,0,3,3,2
typhoeus/typhoeus,8,3,0,0,0,0,4,2,2
tzapu/WiFiManager,6,1,0,0,0,0,3,3,2
uBlockOrigin/uAssets,10,0,0,0,0,0,4,7,1
uber-archive/pyflame,8,1,0,0,0,4,2,2,3
uber/AutoDispose,17,2,0,1,2,2,5,6,5
uber/NullAway,15,1,0,2,1,1,3,8,5
uber/RIBs,16,1,0,2,1,0,5,8,4
uber/baseweb,43,2,0,0,7,3,14,18,4
uber/h3,14,2,1,0,0,1,5,6,4
ubilabs/react-geosuggest,27,0,0,0,6,5,5,12,3
ucbrise/confluo,7,1,0,1,2,0,2,2,4
udos86/ng-dynamic-forms,10,1,0,0,0,1,4,5,3
ueokande/vim-vixen,12,0,0,0,5,0,4,4,2
uglide/RedisDesktopManager,24,0,0,0,2,0,1,22,2
umbraco/Umbraco-CMS,114,8,1,2,18,8,32,46,6
uncrustify/uncrustify,38,3,1,0,1,0,27,7,4
unixorn/awesome-zsh-plugins,20,3,0,0,1,3,5,9,4
unixorn/git-extra-commands,10,0,0,0,0,2,5,4,2
unoplatform/uno,48,1,0,1,0,1,12,34,4
unosquare/embedio,33,1,0,15,2,0,5,11,4
unosquare/passcore,33,1,0,15,2,0,5,11,4
upmin/upmin-admin-ruby,38,5,0,0,0,14,10,10,3
urbit/urbit,71,2,1,2,3,5,21,38,6
urish/ngx-moment,32,4,0,0,7,2,15,5,4
utterance/utterances,6,0,0,0,4,2,0,1,2
uuidjs/uuid,6,1,0,0,0,0,2,4,2
uxmal/reko,12,0,0,0,0,0,9,4,1
uxsolutions/bootstrap-datepicker,26,5,0,0,0,0,13,9,2
v1s1t0r1sh3r3/airgeddon,58,8,0,3,1,5,15,27,5
valor-software/ngx-bootstrap,129,1,0,0,2,5,64,58,4
vanilla/vanilla,11,1,0,1,0,0,2,8,3
varvet/pundit,13,0,0,0,0,0,6,8,1
vavr-io/vavr,85,2,0,0,5,18,19,42,4
vazco/uniforms,24,6,0,0,0,1,11,7,3
vcr/vcr,9,0,0,0,5,2,2,1,3
veandco/go-sdl2,10,1,0,0,0,2,5,3,3
vega/lyra,29,3,0,0,1,1,4,21,4
vega/vega-lite,104,3,0,0,17,17,23,45,4
vega/vega,12,1,0,0,2,1,1,8,4
vega/voyager,35,1,0,0,4,21,3,7,4
vendure-ecommerce/vendure,38,2,0,0,1,2,17,17,4
vercel/next.js,66,2,0,0,24,2,16,23,4
vercel/og-image,12,0,0,0,5,2,1,5,3
vercel/vercel,42,0,0,1,6,4,20,12,4
verdaccio/verdaccio,98,6,1,4,3,5,34,46,6
vergecurrency/verge,89,11,0,4,0,8,42,25,4
versatica/mediasoup,31,0,0,0,1,10,5,16,3
versionpress/versionpress,27,1,0,1,2,2,4,18,5
vespa-engine/vespa,16,4,0,0,0,1,5,7,3
vibora-io/vibora,13,0,0,0,3,2,3,6,3
videojs/video.js,144,6,0,0,27,5,52,55,4
viljamis/responsive-nav.js,9,1,0,0,0,2,1,6,3
vimeo/psalm,11,3,0,0,0,0,2,7,2
vinta/awesome-python,15,0,0,0,0,2,6,8,2
vis2k/Mirror,90,1,0,0,1,19,13,57,4
vitalets/x-editable,36,1,0,0,8,1,13,14,4
vitejs/vite,15,0,0,0,0,0,12,4,1
vlucas/phpdotenv,15,0,0,0,2,1,9,4,3
vmware-tanzu/tgik,16,0,0,0,0,0,7,10,1
vmware/clarity,7,2,0,0,0,0,0,6,1
voat/voat,10,0,0,0,0,2,8,1,2
void-linux/void-packages,52,3,0,0,4,6,23,17,4
voidcosmos/npkill,36,2,0,0,2,7,15,11,4
voila-dashboards/voila,58,1,0,1,16,3,8,30,5
voltrb/volt,51,8,0,0,4,1,26,13,4
vriad/zod,25,6,0,0,4,1,11,4,4
vue-styleguidist/vue-styleguidist,65,0,0,1,16,4,40,5,4
vuejs/vitepress,21,1,0,0,10,0,3,8,3
vuejs/vue-cli,24,1,0,0,5,1,16,2,4
vuejs/vue-next,127,2,0,0,26,20,31,49,4
vuejs/vue,69,5,0,0,10,9,25,21,4
vuejs/vuepress,58,3,0,0,8,3,27,18,4
vuejs/vuex,19,0,0,0,0,0,12,8,1
vuelidate/vuelidate,44,2,0,0,12,2,17,12,4
vuesion/vuesion,87,1,0,0,0,2,60,25,3
vuetifyjs/vuetify,19,2,0,0,0,0,5,13,2
wagtail/wagtail,10,0,0,0,0,1,2,8,2
wallabag/wallabag,28,4,0,0,4,1,6,14,4
watson-developer-cloud/node-sdk,31,4,0,0,3,3,15,7,4
web-push-libs/web-push-php,20,1,0,0,2,0,13,5,3
web3j/web3j,14,2,0,2,0,0,3,8,3
webdriverio/webdriverio,108,4,0,1,25,17,26,36,5
webhintio/hint,9,0,0,0,0,0,1,9,1
webiny/webiny-js,80,6,0,0,12,12,31,20,4
webpack-contrib/mini-css-extract-plugin,74,0,0,0,1,0,46,28,2
webpack-contrib/webpack-bundle-analyzer,24,1,0,0,11,0,9,4,3
webpack/webpack-dev-server,33,0,0,0,6,3,10,15,3
webpack/webpack,33,4,0,1,3,1,9,16,5
webrtc/samples,3,1,0,0,1,0,1,1,3
wechaty/wechaty,46,3,2,1,0,2,8,31,5
welaika/wordmove,43,2,0,0,4,5,3,30,4
wellyshen/react-cool-starter,19,5,0,1,2,4,6,2,5
wenzhixin/bootstrap-table,72,1,0,0,5,5,14,48,4
weppos/whois,17,5,0,0,1,0,9,3,3
weprovide/valet-plus,50,0,0,0,1,3,23,24,3
wereturtle/ghostwriter,15,0,0,0,0,0,1,15,1
wesnoth/wesnoth,42,1,0,2,0,18,3,19,4
whoshuu/cpr,10,0,0,0,4,2,1,4,3
willianjusten/awesome-audio-visualization,11,0,0,0,0,1,4,7,2
willianjusten/awesome-svg,11,0,0,0,0,1,4,7,2
willmcgugan/rich,18,0,0,0,3,5,7,4,3
willowtreeapps/spruce-android,8,1,0,0,0,1,5,2,3
windows-toolkit/WindowsCommunityToolkit,85,3,1,0,1,27,10,44,5
winjs/winjs,17,1,1,0,0,0,8,8,3
winshining/nginx-http-flv-module,26,1,0,1,0,7,10,8,4
winstonjs/winston,63,0,0,0,3,8,13,40,3
winsw/winsw,15,1,0,0,5,0,4,6,3
wix/stylable,9,0,0,0,0,1,1,8,2
woocommerce/FlexSlider,22,6,0,0,0,0,7,10,2
woocommerce/woocommerce,37,4,1,0,2,6,6,19,5
wordpress-mobile/WordPress-Android,21,3,2,2,0,1,3,11,5
wp-bootstrap/wp-bootstrap-navwalker,11,3,1,0,0,0,0,8,2
wp-cli/wp-cli,4,0,0,0,0,0,0,5,0
wp-graphql/wp-graphql,47,4,0,0,2,4,7,31,4
wprig/wprig,26,2,1,1,1,1,8,13,6
wslutilities/wslu,35,1,1,0,9,2,8,15,5
wxWidgets/wxWidgets,3,0,0,0,0,0,1,3,1
x64dbg/x64dbg,53,5,1,2,2,3,8,33,6
xamarin/Essentials,97,2,0,0,0,17,13,66,3
xamarin/Xamarin.Forms,45,0,1,0,0,3,18,24,3
xbmc/xbmc,22,3,0,0,1,2,9,8,4
xcpretty/xcpretty,23,4,0,0,0,1,8,11,3
xetorthio/jedis,32,4,0,1,1,9,8,10,5
xinthink/react-native-material-kit,35,1,0,0,0,14,6,15,3
xmake-io/xmake,39,1,0,0,2,5,7,25,4
xojs/xo,27,0,0,0,0,0,7,21,1
xoseperez/espurna,10,0,0,1,0,3,4,3,3
xtermjs/xterm.js,23,2,1,0,0,1,7,13,4
xunit/xunit,14,2,1,1,0,1,2,8,5
yajra/laravel-datatables,8,0,0,0,0,1,4,4,2
yandex/gixy,19,0,0,0,0,0,12,8,1
yangshun/front-end-interview-handbook,10,1,0,1,0,1,2,6,4
yanzhenjie/AndPermission,7,0,0,0,0,1,2,5,2
yanzhenjie/AndServer,7,0,0,0,0,1,2,5,2
ycm-core/YouCompleteMe,41,0,0,1,1,6,5,29,4
ycm-core/ycmd,35,0,0,0,0,5,5,26,2
yemount/pose-animator,8,0,0,2,0,0,5,2,2
yhat/ggpy,31,0,0,0,0,2,2,28,2
yiisoft/yii2-app-advanced,4,0,0,0,0,0,0,5,0
ykfe/egg-react-ssr,106,1,0,0,2,8,37,59,4
ytdl-org/youtube-dl,164,3,2,0,4,28,29,99,5
ytisf/theZoo,18,0,1,0,1,0,1,16,3
yugabyte/yugabyte-db,43,0,0,0,1,0,9,34,2
yui/yui3,47,11,0,4,1,2,17,13,5
yujinakayama/transpec,15,0,0,0,0,0,7,9,1
z3t0/Arduino-IRremote,9,3,0,1,0,2,0,4,3
zalandoresearch/fashion-mnist,20,0,0,0,0,2,10,9,2
zaproxy/zaproxy,74,3,1,2,1,5,14,49,6
zendframework/ZendSkeletonApplication,77,7,0,3,5,4,39,20,5
zendframework/zend-code,65,8,0,2,6,4,37,9,5
zendframework/zend-diactoros,78,7,0,3,6,4,36,23,5
zendframework/zend-eventmanager,80,8,0,3,6,3,40,21,5
zenorocha/clipboard.js,13,1,1,0,0,0,2,10,3
zero-to-mastery/resources,39,3,0,0,3,2,5,27,4
zerobias/effector,42,6,1,0,3,4,15,14,5
zeroc-ice/ice,28,6,0,2,0,2,6,13,4
zeroclipboard/zeroclipboard,37,5,0,0,0,0,9,24,2
zeromq/libzmq,14,0,0,0,1,0,9,5,2
zeromq/pyzmq,25,1,0,0,1,2,6,16,4
zeux/meshoptimizer,22,1,0,1,1,7,5,8,5
zhaojh329/rtty,15,4,0,0,1,0,6,5,3
zhihu/Matisse,9,2,0,0,0,2,4,2,3
zhongsp/TypeScript,13,1,0,0,1,3,1,8,4
zhukov/webogram,33,4,1,0,4,1,16,8,5
zkSNACKs/WalletWasabi,65,3,0,3,1,27,6,26,5
zloirock/core-js,53,1,0,0,10,9,23,11,4
zmap/zmap,9,1,0,0,1,1,3,4,4
zmoazeni/csscss,27,4,0,0,0,2,6,16,3
znc/znc,11,0,0,0,0,1,2,9,2
zombocom/wicked,12,2,1,0,0,1,3,6,4
zplug/zplug,16,0,0,0,1,0,0,16,1
zsh-users/antigen,48,2,0,0,7,1,11,28,4
zsh-users/zsh-completions,19,1,0,0,2,4,2,11,4
zudochkin/awesome-newsletters,13,1,0,0,0,1,3,9,3
zulip/zulip,82,7,3,1,3,2,12,55,6
zxing/zxing,16,1,0,0,0,0,5,11,2
zzzprojects/Z.ExtensionMethods,8,1,0,0,1,1,1,5,4
